matrix	min	max	average	bone010	boneS10	cage15	nlpkkt120	nlpkkt160	nlpkkt200	circuit5M	Flan_1565	vas_stokes_2M	spal_004	vas_stokes_4M	stokes	af_shell10	Hook_1498	nv2	Cube_Coup_dt0	Cube_Coup_dt6	ldoor	dielFilterV2real	Geo_1438	Serena	Long_Coup_dt0	Long_Coup_dt6	audikw_1	dielFilterV3real	Bump_2911	ML_Geer	Queen_4147	HV15R
m	10203	16240000	3089353.31	986703	914898	5154859	3542400	8345600	16240000	5558326	1564794	2146677	10203	4382246	11449533	1508065	1498023	1453908	2164760	2164760	952203	1157456	1437960	1391349	1470152	1470152	943695	1102824	2911419	1504002	4147110	2017169
n	321696	16240000	3100094.448	986703	914898	5154859	3542400	8345600	16240000	5558326	1564794	2146677	321696	4382246	11449533	1508065	1498023	1453908	2164760	2164760	952203	1157456	1437960	1391349	1470152	1470152	943695	1102824	2911419	1504002	4147110	2017169
nnz	46168124	448225632	124339642.3	71666325	55468422	99199551	96845792	229518112	448225632	59524291	117406044	65129037	46168124	131577616	349321980	52672325	60917445	52728362	127206144	127206144	46522475	48538952	63156690	64531701	87088992	87088992	77651847	89306020	127729899	110879972	329499284	283073458
density	1.70E-06	1.41E-02	5.16E-04	7.36E-05	6.63E-05	3.73E-06	7.72E-06	3.30E-06	1.70E-06	1.93E-06	4.79E-05	1.41E-05	1.41E-02	6.85E-06	2.66E-06	2.32E-05	2.71E-05	2.49E-05	2.71E-05	2.71E-05	5.13E-05	3.62E-05	3.05E-05	3.33E-05	4.03E-05	4.03E-05	8.72E-05	7.34E-05	1.51E-05	4.90E-05	1.92E-05	6.96E-05
mem_footprint (MB in CSR)	528.391174	5191.485966	1434.739232	823.919979	638.275776	1154.912998	1121.825321	2658.462284	5191.485966	702.404785	1349.574764	753.531605	528.391174	1522.503262	4041.349312	608.539738	702.859341	608.974438	1464.016697	1464.016697	536.039845	559.89957	728.256344	743.814289	1002.262608	1002.262608	892.25478	1026.233234	1472.858875	1274.657894	3786.640026	3247.213531
nnz_per_row min	1	28	12.10344828	12	12	3	5	5	5	1	24	1	13	1	1	15	15	4	24	24	28	6	15	15	20	20	21	9	1	26	24	1
nnz_per_row max	28	1290501	44919.86207	81	81	47	28	28	28	1290501	81	637	6029	613	720	35	93	84	68	68	77	110	57	249	756	756	345	270	195	74	81	484
nnz_per_row avg	10.709032	4524.955797	205.7280364	72.632114	60.627985	19.243892	27.339033	27.501691	27.6001	10.709032	75.029713	30.339467	4524.955797	30.025155	30.509714	34.927092	40.665227	36.266643	58.762239	58.762239	48.857728	41.935894	43.921034	46.380672	59.238087	59.238087	82.284898	80.979395	43.872043	73.723288	79.452748	140.332049
nnz_per_row std	0.901546	1491.957103	112.5024693	15.81043	20.373984	5.736719	3.092775	2.697396	2.422903	1356.616274	11.431698	37.184629	1491.957103	37.00568	41.437172	0.901546	13.953772	9.173235	4.47162	4.47162	11.946572	16.14859	4.398605	9.245936	6.6625	6.6625	42.445255	36.55308	6.968669	2.506875	6.341665	53.952808
nnz_per_col min	1	28	12	12	12	3	5	5	5	1	24	3	7	1	1	15	15	4	24	24	28	6	15	15	20	20	21	9	1	26	24	2
nnz_per_col max	28	1290501	44785.13793	81	81	47	28	28	28	1290501	81	1284	168	1116	1705	35	93	84	68	68	77	110	57	249	756	756	345	270	195	74	81	303
nnz_per_col avg	10.709032	143.514759	54.64386269	72.632114	60.627985	19.243892	27.339033	27.501691	27.6001	10.709032	75.029713	30.339467	143.514759	30.025155	30.509714	34.927092	40.665227	36.266643	58.762239	58.762239	48.857728	41.935894	43.921034	46.380672	59.238087	59.238087	82.284898	80.979395	43.872043	73.723288	79.452748	140.332049
nnz_per_col std	0.901546	1356.616274	61.67504252	15.81043	20.373984	5.736719	3.092775	2.697396	2.422903	1356.616274	11.431698	48.124314	4.858953	47.781156	48.019201	0.901546	13.953772	9.173235	4.47162	4.47162	11.946572	16.14859	4.398605	9.245936	6.6625	6.6625	42.445255	36.55308	6.968669	2.506875	6.341665	38.75839
skew	0.002087	120504.8496	4159.102622	0.115209	0.336017	1.442333	0.024177	0.018119	0.014489	120504.8496	0.079572	19.995754	0.332389	19.416214	22.599041	0.002087	1.286966	1.316178	0.157206	0.157206	0.576005	1.623051	0.297784	4.368616	11.76206	11.76206	3.19275	2.334182	3.444744	0.003753	0.019474	2.448963
bw_scaled min	0	0.492611	0.06992641379	0.000105	0.000032	0.000358	0.487805	0.490798	0.492611	0	0.000022	0	0.000044	0	0	0.000878	0.000013	0.000299	0.000011	0.000011	0.000043	0.180958	0.000016	0.000014	0.000021	0.000021	0.096539	0.277244	0	0.000017	0.000006	0
bw_scaled max	0.003487	0.999991	0.4299086207	0.026302	0.019578	0.671357	0.512229	0.509222	0.507402	0.999963	0.026198	0.992281	0.999991	0.972477	0.986303	0.003487	0.038614	0.776067	0.029298	0.029298	0.721463	0.819134	0.03605	0.114876	0.048789	0.048789	0.981205	0.939865	0.021498	0.006195	0.022602	0.606817
bw_scaled avg	0.003482	0.699519	0.258215	0.018173	0.015161	0.211957	0.504115	0.503096	0.502481	0.502516	0.014027	0.575798	0.53711	0.550647	0.529639	0.003482	0.022026	0.699519	0.01933	0.01933	0.204207	0.510504	0.026384	0.074233	0.032624	0.032624	0.62315	0.649193	0.016316	0.004381	0.014479	0.071733
bw_scaled std	0.000099	0.315305	0.08177334483	0.005263	0.003567	0.130329	0.004852	0.003632	0.002902	0.255821	0.006406	0.19524	0.315305	0.203161	0.176715	0.000099	0.011912	0.064508	0.007096	0.007096	0.196132	0.183465	0.008809	0.033697	0.011836	0.011836	0.215009	0.17381	0.00547	0.000799	0.004616	0.132044
sc min	0	0.004754	0.0005911724138	0.001397	0.002026	0.000004	0.000003	0.000001	0.000001	0	0.000883	0	0.00067	0	0	0.004754	0.000315	0.000009	0.000385	0.000385	0.000045	0.000006	0.000407	0.000115	0.000421	0.000421	0.000043	0.000015	0	0.004453	0.000385	0
sc max	0.000003	2	0.5753166897	0.168224	0.413793	0.005943	0.000016	0.000007	0.000003	2	1.028571	0.25	1.071429	0.238095	0.104167	0.015049	1.05	0.013636	1.043478	1.043478	0.504	0.000407	1.043478	1.05	1.032258	1.032258	0.000938	0.000569	1.090909	1.04	1.043478	0.4
sc avg	0.000003	0.057311	0.004182172414	0.004305	0.004371	0.000034	0.000015	0.000007	0.000003	0.000555	0.004752	0.000123	0.057311	0.000078	0.000041	0.006657	0.002478	0.000042	0.002065	0.002065	0.005105	0.000083	0.001747	0.000955	0.001794	0.001794	0.000158	0.000122	0.001219	0.012201	0.001665	0.009538
sc std	0	0.114286	0.009194034483	0.0015	0.002365	0.000095	0.000002	0.000001	0	0.024686	0.006015	0.002059	0.114286	0.001636	0.001121	0.000228	0.005233	0.000115	0.005621	0.005621	0.028128	0.000049	0.005621	0.004355	0.005568	0.005568	0.000096	0.000067	0.003962	0.009411	0.004092	0.029126
num_neigh min	0	1	0.4137931034	1	1	0	0	0	0	0	1	0	0	0	0	1	1	0	1	1	1	0	0	1	1	1	1	0	0	0	0	0
num_neigh max	2	2	2	2	2	2	2	2	2	2	2	2	2	2	2	2	2	2	2	2	2	2	2	2	2	2	2	2	2	2	2	2
num_neigh avg	0.004449	1.85887	1.387795483	1.769845	1.751818	0.197548	1.27923	1.280847	1.281819	1.065325	1.724576	0.975693	1.85887	0.975328	0.943047	1.828363	1.55887	0.004449	1.696722	1.696722	1.79674	0.848705	1.558269	1.556349	1.663171	1.663171	1.581103	0.954734	1.643626	1.732037	1.711907	1.647185
num_neigh std	0.06944	0.893306	0.5242976897	0.420932	0.431958	0.429961	0.528876	0.527899	0.527306	0.893306	0.446727	0.806846	0.349046	0.804396	0.79879	0.377064	0.496522	0.06944	0.459674	0.459674	0.402424	0.773444	0.496593	0.496815	0.472626	0.472626	0.493379	0.821448	0.480335	0.442899	0.452875	0.570752
cross_row_similarity avg	0.09438	0.998386	0.805910069	0.915136	0.89687	0.794106	0.997301	0.99798	0.998386	0.942768	0.900667	0.768836	0.208031	0.766817	0.76468	0.92559	0.805582	0.09438	0.876514	0.876514	0.906047	0.549122	0.824281	0.80357	0.855461	0.855461	0.819704	0.61301	0.866285	0.928698	0.89518	0.924415
nnz_col_dist min	0	0	0	0	0	0	0	0	0	0	0	0	0	0	0	0	0	0	0	0	0	0	0	0	0	0	0	0	0	0	0	0
nnz_col_dist max	5259	16239999	2190515.69	25952	17912	4265165	3542399	8345599	16239999	5556295	40994	2130655	321693	4261641	11292659	5259	57845	1442852	63423	63423	913730	1157455	51839	159833	71727	71727	932240	1102810	62591	9317	93734	1224187
nnz_col_dist avg	76.946799	591323.6112	84419.32977	493.745003	457.543186	113553.6119	130639.2621	305336.5384	591323.6112	521643.6706	585.071858	81481.41552	76.946799	160736.708	397520.7123	300.621835	1622.750782	56086.53898	1424.20829	1424.20829	7959.672087	28180.43469	1727.577916	4453.732729	1619.287884	1619.287884	14293.34355	17682.15299	2165.473835	178.75401	1511.459743	2062.220862
nnz_col_dist std	888.634233	2104416.189	286459.27	2619.860423	2193.838491	325335.6024	460961.0763	1083143.729	2104416.189	1217972.531	3345.752553	302673.0871	3007.686663	604494.6726	1517814.208	1043.859718	6963.56953	188674.7048	6895.711756	6895.711756	48787.88818	132288.7455	6948.863326	19749.54881	7798.791214	7798.791214	90073.6581	101750.683	8898.102643	888.634233	8454.441285	35428.89154
group_col_dist min	0	0	0	0	0	0	0	0	0	0	0	0	0	0	0	0	0	0	0	0	0	0	0	0	0	0	0	0	0	0	0	0
group_col_dist max	5259	16239999	2190325.138	25952	17912	4265165	3542399	8345599	16239999	5556295	40994	2130655	321693	4261641	11292659	5259	57845	1442852	63423	63423	913730	1157455	51839	159833	71727	71727	932240	1102810	62591	9317	88208	1224187
group_col_dist avg	1077.266155	1646723.645	197821.136	4282.852787	3680.105222	125998.9563	362497.4203	849154.5309	1646723.645	1116201.796	4242.261632	159094.7836	1077.266155	313731.962	752200.3886	3492.346988	7353.71643	56211.59304	9386.497394	9386.497394	78311.24924	48953.59529	7818.334598	20074.13402	9609.969323	9609.969323	68238.92551	33831.91295	12148.18771	1327.703214	10486.92225	11685.41938
group_col_dist std	1246.458696	3254962.263	410916.3023	6589.345024	5189.352349	340405.0036	711026.1393	1673602.205	3254962.263	1584495.579	8110.180382	408076.3993	11274.7355	815617.1005	2022982.386	1246.458696	13330.88043	188866.3235	15454.74029	15454.74029	133834.103	171418.1901	13077.14174	38010.39098	16862.91203	16862.91203	187230.2076	138792.4151	17974.45353	2090.347831	20052.33263	83683.52636
group_sizes min	1	5	2.034482759	3	3	1	1	1	1	1	3	1	1	1	1	5	3	1	4	4	3	1	1	3	4	4	3	1	1	1	1	1
group_sizes max	3	1212464	42063.62069	27	27	6	3	3	3	1212464	45	18	5120	17	16	15	57	6	32	32	63	41	30	195	588	588	60	84	156	40	81	28
group_sizes avg	1.00223	14.171317	5.200281345	8.689794	8.058614	1.1096	2.77481	2.78105	2.784813	2.13978	7.261541	1.95254	14.171317	1.951844	1.892232	11.652512	4.533814	1.00223	6.594606	6.594606	9.839612	1.737174	4.527647	4.508048	5.937738	5.937738	4.774439	1.913388	5.612074	7.463703	6.942206	5.668689
group_sizes std	0.051303	586.698948	23.43283972	0.918777	1.402451	0.356558	0.626227	0.619944	0.616089	586.698948	2.606381	1.838592	24.67734	1.831729	1.727502	4.711525	2.845067	0.051303	3.254496	3.254496	5.102913	1.733442	2.196819	2.883338	3.051643	3.051643	3.300299	2.667669	2.413073	7.453794	2.674801	4.985493
groups_per_row min	1	4	1.620689655	2	2	2	3	3	3	1	1	1	1	1	1	2	1	2	1	1	2	2	1	1	1	1	4	3	1	1	1	1
groups_per_row max	3	640	116.5862069	9	9	46	10	10	10	615	27	449	640	339	398	3	22	84	17	17	12	68	19	28	77	77	52	152	35	15	27	114
groups_per_row avg	2.997387	319.303832	23.89785245	8.358324	7.523376	17.343093	9.852577	9.888958	9.910936	5.004734	10.332478	15.53846	319.303832	15.382972	16.123667	2.997387	8.96932	36.185959	8.910652	8.910652	4.965412	24.140289	9.700632	10.288415	9.976541	9.976541	17.234463	42.322507	7.817438	9.877575	11.444885	24.755646
groups_per_row std	0.051047	185.491025	12.8001279	1.395719	1.867102	5.561528	0.84678	0.737436	0.661802	19.141252	3.646587	23.626867	185.491025	23.585525	27.15906	0.051047	2.918328	9.22152	2.227512	2.227512	1.384628	8.277843	2.449553	2.328229	2.375896	2.375896	6.255475	16.692829	2.1322	1.602819	4.053557	10.908182
num_groups	3257857	184608463	38376000.76	8247183	6883122	89401197	34901768	82529288	160953608	27817943	16168200	33356055	3257857	67411967	184608463	4520255	13436247	52611055	19289424	19289424	4728080	27941322	13949121	14314776	14667032	14667032	16264077	46674277	22759838	14855892	47463198	49936321
nnz_per_cluster avg	1.00223	14.171317	5.200281345	8.689794	8.058614	1.1096	2.77481	2.78105	2.784813	2.13978	7.261541	1.95254	14.171317	1.951844	1.892232	11.652512	4.533814	1.00223	6.594606	6.594606	9.839612	1.737174	4.527647	4.508048	5.937738	5.937738	4.774439	1.913388	5.612074	7.463703	6.942206	5.668689
vals min	-2.48E+20	1.00E-02	-8.55E+18	-4.27E+03	-4.27E+03	0.0100037	-16	-1.60E+01	-16	-133.333	-7.02E+06	-1.00E+00	1.36E-14	-1	-1	-3.19E+05	-1.02E+05	-2.48E+20	-3.67E+11	-3.67E+11	-4.27E+07	-2.25E+01	-3.43E+12	-5.42E+13	-5.86E+15	-5.86E+15	-6.73E+09	-23.8258	-1.92E+17	-4.94E+06	-2.05E+16	-60173.8
vals max	0.000195313	1.0776E+19	3.7396E+17	18803.4	1.88E+04	0.939978	200	2.00E+02	200	1022	1.53E+07	1.00E+00	1.95E-04	1	1	5.72E+05	1.58E+05	1.08E+19	7.44E+11	7.44E+11	4.53E+07	4.61E+01	6.69E+12	5.51E+13	5.51E+15	5.51E+15	3.68E+09	59.1533	3.35E+16	1.39E+07	2.42E+16	38521.9
vals avg	0.000168769	238858000	23651243.74	0.0270423	0.0231606	0.0519645	0.106183	1.06E-01	0.105764	0.000191124	288.087	8.28E-04	1.69E-04	0.00176251	0.00110261	283.309	6.22E+00	2.39E+08	2.25E+07	2.25E+07	12493.3	0.0260717	9.67E+06	1.51E+08	9.63E+06	9.63E+06	5146.4	0.0031324	2.02E+08	6.60E-01	1.98E+07	0.0276915
vals std	5.60E-05	1.13E+18	3.89E+16	2.24E+03	1975.78	0.149916	38.8658	3.89E+01	38.8717	3.04759	396178	2.48E-01	5.60E-05	0.249793	0.246503	5.50E+04	6.18E+03	1.13E+18	3.70E+10	3.70E+10	533187	1.02177	5.57E+10	1.46E+11	7.99E+12	7.99E+12	4.14E+06	0.339027	5.92E+13	9.00E+05	5.46E+13	101.918
vals ctz avg	0.859	51.57	13.07024138	21.597	17.156	0.859	51.552	51.564	51.57	1.674	3.996	2.787	1	2.818	2.758	1.485	2.62	25.058	14.697	14.699	6.504	1	13.41	16.291	15.839	15.839	1.141	1.005	16.925	1.112	19.268	2.813
vals ctz std	0.455	29.92	10.62568966	29.92	27.992	0.455	7.168	7.123	7.103	7.538	12.407	9.786	0.739	9.507	9.597	5.735	10.059	26.956	13.42	13.418	17.823	1.414	15.382	10.19	14.74	14.74	1.567	1.417	8.487	3.002	11.453	9.007
vals abs min	0	0.0100037	0.0003449551729	0	0	0.0100037	0	0	0	4.06E-37	0	1.61E-22	1.36E-14	9.12E-23	5.62E-21	0	0	0	0	0	0	3.25E-13	0	0	0	0	1.35E-11	8.06E-24	2.88E-24	0	0	2.96E-50
vals abs max	1.95E-04	2.48E+20	8.55E+18	1.88E+04	18803.4	9.40E-01	200	200	200	9.90E+02	1.53E+07	1	0.000195313	1.00E+00	1	5.72E+05	157593	2.48E+20	7.44E+11	7.44E+11	4.53E+07	46.1056	6.69E+12	5.51E+13	6.17E+15	6.17E+15	1.01E+10	59.1533	1.92E+17	1.39E+07	4.08E+16	60173.8
vals abs avg	0.000168769	2.29489E+16	791421421379620	872.792	8.04E+02	0.0519645	14.3798	1.44E+01	14.3841	0.0435191	118556	1.29E-01	1.69E-04	0.130417	0.127784	1.61E+04	2.63E+03	2.29E+16	1.04E+10	1.04E+10	91327.9	2.69E-01	9.43E+09	1.49E+10	1.84E+11	1.84E+11	157111	0.0616873	8.46E+11	3.21E+05	1.06E+12	4.37882
vals abs std	0.0000559922	1.12704E+18	3.88679E+16	2058.83	1804.81	0.149916	36.108	3.61E+01	36.1126	3.04728	378024	2.12E-01	5.60E-05	0.213052	0.210799	52543.8	5.59E+03	1.13E+18	3.55E+10	3.55E+10	525456	0.98612	5.49E+10	1.46E+11	7.99E+12	7.99E+12	4.13E+06	0.333383	5.92E+13	8.41E+05	5.46E+13	101.823
vals_exp min	-1.65E+02	0.00E+00	-4.88E+01	0.00E+00	0	-7.00E+00	-2	-2.00E+00	-2	-1.21E+02	-51	-7.30E+01	-4.70E+01	-7.40E+01	-6.80E+01	-2.00E+01	-8.50E+01	-9.60E+01	-6.20E+01	-62	-40	-4.20E+01	-22	-3.00E+00	-6.20E+01	-6.20E+01	-3.70E+01	-7.70E+01	-7.90E+01	-3.30E+01	-2.20E+01	-1.65E+02
vals_exp max	-13	67	22.65517241	14	1.40E+01	-1	7	7.00E+00	7	9	2.30E+01	0.00E+00	-1.30E+01	0	0	1.90E+01	1.70E+01	6.70E+01	3.90E+01	3.90E+01	2.50E+01	5.00E+00	4.20E+01	4.50E+01	5.20E+01	5.20E+01	3.30E+01	5	5.70E+01	2.30E+01	5.50E+01	15
vals_exp avg	-19.5732	31.5206	5.613683103	5.96881	6.3677	-6.23805	2.42516	2.43E+00	2.42665	-19.5732	4.51771	-1.10E+01	-1.35E+01	-6.94338	-8.60396	2.3815	8.52E+00	-3.17E+00	1.95E+01	2.01E+01	12.7795	-9.95548	2.74E+01	3.01E+01	1.79E+01	1.87E+01	15.116	-12.7481	3.11E+01	1.22E+01	3.15E+01	-17.0209
vals_exp std	1.37E+00	2.87E+01	8.57E+00	4.42E+00	4.06372	1.36904	1.79549	1.79E+00	1.79388	3.51357	21.4656	1.46E+01	1.57E+00	6.87117	10.9869	9.60E+00	4.79E+00	2.87E+01	1.61E+01	1.51E+01	4.58957	7.78639	6.97E+00	3.77E+00	1.52E+01	1.38E+01	2.38E+00	8.04902	6.42E+00	7.85E+00	7.45E+00	15.6502
vals unique num	38	236446276	31937039.59	38	40	540	2002	3719	5536	42756	759897	1474828	2828931	4965116	10852798	10889891	11799534	13545345	18869891	18878073	21675099	24848204	29307657	32735986	36043308	36043401	37023578	45133401	64805571	109710254	157482478	236446276
vals_sgnexp unique num	7	331	126.7586207	18	18	7	8	8	8	109	97	148	34	150	138	80	190	321	192	193	93	91	128	93	229	229	135	165	199	111	153	331
vals unique fraction	5.30E-07	9.89E-01	2.65E-01	5.30E-07	7.21E-07	5.44E-06	2.07E-05	1.62E-05	1.24E-05	0.000718295	0.00647238	0.0226447	0.0612745	0.0377353	0.0310682	0.206748	0.193697	0.256889	0.148341	0.148405	0.465906	0.511923	0.464047	0.507285	0.413868	0.413869	0.476789	0.505379	0.507364	0.989451	0.477945	0.835282
vals unique index size bits	6	28	21.34482759	6	6	10	11	12	13	16	20	21	22	23	24	24	24	24	25	25	25	25	25	25	26	26	26	26	26	27	28	28
vals unique index size bytes	1	4	3.172413793	1	1	2	2	2	2	2	3	3	3	3	3	3	3	3	4	4	4	4	4	4	4	4	4	4	4	4	4	4
vals_diff min	-3.39054E+20	-0.000195312	-1.17001E+19	-18803.4	-18803.4	-0.903322	-216	-216	-216	-1023	-1.53E+07	-2	-0.000195312	-2	-2	-572294	-161080	-3.39E+20	-8.84E+11	-8.84E+11	-4.68E+07	-78.9639	-6.71E+12	-5.52E+13	-7.32E+15	-7.32E+15	-1.32E+10	-67.5571	-1.93E+17	-1.58E+07	-4.08E+16	-60205.4
vals_diff max	0.000195313	1.23348E+19	4.27735E+17	18803.4	1.88E+04	0.933333	216	2.16E+02	216	989.969	1.53E+07	2.00E+00	1.95E-04	2	2	5.72E+05	1.59E+05	1.23E+19	7.92E+11	7.92E+11	4.54E+07	5.93E+01	2.50E+12	2.35E+13	5.82E+15	5.82E+15	3.73E+09	81.8924	3.36E+16	1.39E+07	2.42E+16	54564.4
vals_diff avg	0	16534.8	570.1882928	0.000131187	4.24E-05	1.69E-09	-2.93E-22	0.00E+00	-7.93E-24	1.55E-10	0.0049466	7.14E-09	5.67E-18	7.60E-09	2.86E-09	1.25E-04	2.70E-04	1.98E-03	7.64E-09	7.58E-09	0.00801171	1.77E-09	6.21E-01	1.65E+04	4.84E-08	4.29E-08	0.0235013	2.84E-10	1.43E-07	9.02E-09	1.03E-07	1.07E-07
vals_diff std	0.0000509204	1.7165E+18	5.9196E+16	3162.91	2797.16	0.215584	58.1219	58.129	58.1334	4.31279	560125	0.333706	0.0000509204	0.337619	0.333101	77733.9	8729.96	1.7165E+18	52343500000	52343500000	739939	1.50098	78982600000	206220000000	11747300000000	11747300000000	6235510	0.504177	83904500000000	1193420	77196100000000	148.034
vals_diff ctz avg	1.23E+00	4.92E+01	1.47E+01	1.10E+01	9.29E+00	26.962	49.198	4.92E+01	49.226	24.143	1.80E+00	9.23E+00	4.30E+01	7.925	10.442	1.23E+00	2.89E+00	2.28E+01	1.08E+01	1.08E+01	4.20E+00	1.50E+00	1.01E+01	1.33E+01	1.10E+01	1.10E+01	1.47E+00	1.499	1.35E+01	1.41E+00	1.56E+01	2.296
vals_diff ctz std	1.697	30.497	13.518	22.842	2.11E+01	30.497	9.561	9.51E+00	9.473	28.407	4.43E+00	2.01E+01	2.92E+01	18.655	20.82	2.08E+00	9.62E+00	2.64E+01	1.31E+01	1.31E+01	1.30E+01	1.77E+00	1.48E+01	1.07E+01	1.39E+01	1.39E+01	1.70E+00	2.005	9.37E+00	3.04E+00	1.19E+01	7.035
vals_diff abs min	0.00E+00	1.90E-11	6.61E-13	0.00E+00	0.00E+00	0.00E+00	0.00E+00	0.00E+00	0.00E+00	0.00E+00	0	0.00E+00	0.00E+00	0.00E+00	0.00E+00	0	0.00E+00	0.00E+00	0.00E+00	0.00E+00	0.00E+00	1.56E-13	0	0	0.00E+00	0.00E+00	1.90E-11	0.00E+00	0.00E+00	0.00E+00	0.00E+00	0.00E+00
vals_diff abs max	1.95E-04	3.39E+20	1.17E+19	1.88E+04	18803.4	0.933333	216	2.16E+02	216	1023	1.53E+07	2.00E+00	1.95E-04	2	2	5.72E+05	1.61E+05	3.39E+20	8.84E+11	8.84E+11	4.69E+07	7.90E+01	6.75E+12	5.52E+13	7.33E+15	7.33E+15	1.32E+10	81.8924	1.93E+17	1.58E+07	4.08E+16	60805
vals_diff abs avg	0.0000231322	3.71971E+16	1.28281E+15	1491.08	1348.04	0.0743276	22.0479	22.0526	22.0555	0.0547763	208879	0.161316	2.31E-05	0.168952	0.160116	29493.4	4413.65	3.72E+16	1.79E+10	1.79E+10	154822	0.414587	1.66E+10	2.48E+10	3.43E+11	3.43E+11	252532	0.0995913	1.63E+12	515577	2.05E+12	8.02338
vals_diff abs std	0.0000453628	1.71609E+18	5.91819E+16	2789.39	2.45E+03	0.202366	53.7777	5.38E+01	53.7871	4.31244	519720	2.92E-01	4.54E-05	0.292304	0.292094	7.19E+04	7.53E+03	1.72E+18	4.92E+10	4.92E+10	723560	1.44E+00	7.72E+10	2.05E+11	1.17E+13	1.17E+13	6.23E+06	0.494243	8.39E+13	1.08E+06	7.72E+13	147.817
vals_diff_exp min	-1.21E+02	0.00E+00	-4.66E+01	-1.40E+01	-14	-9	-2	-2.00E+00	-2	-121	-53	-6.90E+01	-4.20E+01	-69	-71	-20	-8.10E+01	-9.60E+01	-70	-70	-40	-43	-18	0.00E+00	-5.60E+01	-5.60E+01	-36	-76	-75	-5.00E+00	-20	-120
vals_diff_exp max	0.00E+00	6.80E+01	2.33E+01	1.40E+01	14	0	7	7.00E+00	7	9	23	1.00E+00	0.00E+00	1	1	1.90E+01	1.70E+01	6.80E+01	39	39	25	6.00E+00	42	4.50E+01	5.20E+01	5.20E+01	33	6	57	2.30E+01	55	15
vals_diff_exp avg	-15.3085	33.3007	8.384967241	7.77411	7.8623	-3.71937	2.64212	2.64354	2.64447	-15.3085	14.2322	-9.62989	-5.23371	-5.54296	-7.26499	6.70699	10.0194	-3.86388	25.7389	25.8456	14.2263	-8.04958	28.4368	30.9716	23.8999	24.0447	16.0084	-10.348	32.6669	15.5535	33.3007	-13.0935
vals_diff_exp std	1.37199	31.5369	7.69300069	3.78883	3.51773	3.64904	1.37475	1.37303	1.37199	13.245	9.13151	14.2746	7.41006	5.72411	10.0096	8.8547	3.26785	31.5369	11.8742	11.5977	3.8016	7.33885	7.00987	3.71945	11.3476	10.9827	1.99766	5.94876	4.50667	3.7969	6.99606	13.6493
vals_diff_sorted_window (2^4) abs min	0	0	0	0	0	0	0	0	0	0	0	0	0	0	0	0	0	0	0	0	0	0.00E+00	0	0	0	0	1.90E-11	0	0	0	0	0
vals_diff_sorted_window (2^4) abs max	0.000195313	2.47798E+20	8.55274E+18	17200.9	1.72E+04	0.903322	201	2.01E+02	201	1023	1.51E+07	1.14E+00	1.95E-04	2	2	5.72E+05	1.55E+05	2.48E+20	7.26E+11	7.26E+11	4.27E+07	4.01E+01	6.66E+12	5.42E+13	5.86E+15	5.86E+15	7.93E+09	58.0665	1.92E+17	1.35E+07	2.77E+16	60173.8
vals_diff_sorted_window (2^4) abs avg	1.22E-05	2.73E+16	9.43E+14	5.90E+02	526.674	0.0334902	9.21396	9.22E+00	9.21701	0.0336008	85501.6	6.83E-02	1.22E-05	0.0723485	0.0681068	1.44E+04	1.85E+03	2.73E+16	8.40E+09	8.40E+09	62959.4	0.155713	7.87E+09	1.10E+10	2.28E+11	2.28E+11	107799	0.0382678	1.08E+12	2.10E+05	8.43E+11	5.64526
vals_diff_sorted_window (2^4) abs std	2.96E-05	1.46E+18	5.04E+16	1.85E+03	1.61E+03	0.139598	36.9549	3.70E+01	36.9664	3.04891	331701	1.81E-01	2.96E-05	0.179476	0.17721	4.85E+04	5.23E+03	1.46E+18	3.33E+10	3.33E+10	465294	7.45E-01	5.19E+10	1.36E+11	8.71E+12	8.71E+12	3.71E+06	0.25122	7.16E+13	6.02E+05	4.12E+13	117.515
vals_diff_sorted_window (2^4) ctz avg	2.39E+00	5.95E+01	2.14E+01	3.23E+01	27.645	44.853	59.438	5.95E+01	59.461	49.732	8.251	1.95E+01	4.36E+01	15.727	18.662	3.16	4.06E+00	2.40E+01	16.865	16.729	6.031	2.388	13.544	1.67E+01	1.53E+01	1.53E+01	2.66	2.428	17.081	2.66E+00	19.647	2.684
vals_diff_sorted_window (2^4) ctz avg corrected (- 4 - 6)	-7.61E+00	4.95E+01	1.14E+01	2.23E+01	17.645	34.853	49.438	4.95E+01	49.461	39.732	-1.749	9.54E+00	3.36E+01	5.727	8.662	-6.84E+00	-5.94E+00	1.40E+01	6.865	6.729	-3.969	-7.612	3.544	6.66E+00	5.32E+00	5.27E+00	-7.34	-7.572	7.081	-7.34E+00	9.647	-7.316
vals_diff_sorted_window (2^4) ctz std	2.303	31.477	15.71468966	31.477	31.042	28.611	10.626	10.584	10.56	24.985	18.285	27.385	28.841	24.908	26.001	5.469	9.797	26.292	15.312	15.42	14.49	2.303	15.05	10.949	14.494	14.542	2.337	2.825	9.605	4.454	11.844	7.238
vals_diff_sorted_window (2^4) unique num	187	305182962	53569942.17	187	201	3491	5787	10527	16009	54251	8640856	3066502	6948538	9063424	24067888	23408336	48178626	23298634	47443741	47550849	42672230	48156252	58430943	62776132	69954582	69956931	75759274	88225260	124214078	110086813	305182962	256355019
vals_diff_sorted_window_exp (2^4) unique num	5	163	68.5862069	13	13	11	5	5	5	109	62	80	35	80	76	4.00E+01	95	163	111	111	50	50	65	48	109	109	6.40E+01	82	107	56	81	154
windows_exp (2^4) unique num min	1	4	2.137931034	3	4.00E+00	2	4	4.00E+00	4	2	4.00E+00	2.00E+00	1.00E+00	2	2	4.00E+00	1.00E+00	1.00E+00	1.00E+00	1.00E+00	1.00E+00	3.00E+00	1.00E+00	1.00E+00	1.00E+00	1.00E+00	3.00E+00	3	2.00E+00	1.00E+00	1.00E+00	2
windows_exp (2^4) unique num max	6.00E+00	1.60E+01	1.41E+01	1.10E+01	11	7	6	6.00E+00	6	16	16	1.60E+01	1.20E+01	16	16	16	1.60E+01	1.60E+01	1.60E+01	1.60E+01	15	16	1.50E+01	1.60E+01	1.60E+01	1.60E+01	15	16	1.60E+01	1.60E+01	1.60E+01	16
windows_exp (2^4) unique num avg	4.60E+00	1.17E+01	8.07E+00	6.47E+00	6.762	4.597	4.866	4.86E+00	4.863	4.796	9.558	7.86E+00	4.62E+00	8.381	8.262	1.11E+01	8.58E+00	8.50E+00	9.95E+00	9.84E+00	8.003	9.021	8.19E+00	8.08E+00	1.01E+01	1.00E+01	7.95E+00	9.365	8.72E+00	1.04E+01	8.73E+00	11.74
vals_diff_sorted_window (2^5) abs min	0	0	0	0	0	0	0	0	0	0	0	0	0	0	0	0	0	0	0	0	0	0	0	0	0	0	0	0	0	0	0	0
vals_diff_sorted_window (2^5) abs max	0.000195313	2.47798E+20	8.55274E+18	16666.7	16666.7	0.903322	200	200	200	1023	1.34E+07	1.00172	0.000195313	2	2	512292	153819	2.48E+20	7.18E+11	7.18E+11	4.27E+07	55.9997	6.66E+12	5.42E+13	5.86E+15	5.86E+15	7.20E+09	58.0665	1.92E+17	1.04E+07	2.77E+16	60173.8
vals_diff_sorted_window (2^5) abs avg	0.00000610067	2.56072E+16	883080354207699	448.211	397.376	0.0206916	7.20814	7.21848	7.22472	0.0330409	65338.2	0.0449613	6.10E-06	0.047651	0.0435298	11220.4	1375.89	2.56E+16	6.77E+09	6.77E+09	46202.6	0.120772	6.15E+09	8.53E+09	2.14E+11	2.14E+11	80498.6	0.0293574	1.01E+12	157773	6.68E+11	5.22991
vals_diff_sorted_window (2^5) abs std	0.0000166768	1.41507E+18	4.87999E+16	1824.97	1.58E+03	0.109083	34.1466	3.42E+01	34.1898	3.04878	315843	1.52E-01	1.67E-05	0.150039	0.144933	4.54E+04	4.96E+03	1.42E+18	3.22E+10	3.22E+10	427972	7.13E-01	4.89E+10	1.29E+11	8.41E+12	8.41E+12	3.33E+06	0.236451	7.13E+13	5.51E+05	3.74E+13	114.846
vals_diff_sorted_window (2^5) ctz avg	3.10E+00	6.04E+01	2.41E+01	4.27E+01	38.294	51.609	60.448	6.04E+01	60.447	55.605	12.075	2.52E+01	4.57E+01	19.627	23.387	4.776	5.48E+00	2.49E+01	19.555	19.367	7.418	3.101	14.842	1.80E+01	1.67E+01	1.66E+01	3.508	3.112	18.495	4.19E+00	20.879	3.14
vals_diff_sorted_window (2^5) ctz avg corrected (- 5 - 6)	-7.90E+00	4.94E+01	1.31E+01	3.17E+01	27.294	40.609	49.448	4.94E+01	49.447	44.605	1.075	1.42E+01	3.47E+01	8.627	12.387	-6.22E+00	-5.52E+00	1.39E+01	8.555	8.367	-3.582	-7.899	3.842	7.01E+00	5.68E+00	5.60E+00	-7.492	-7.888	7.495	-6.81E+00	9.879	-7.86
vals_diff_sorted_window (2^5) ctz std	2.539	30.792	16.00958621	29.753	30.792	24.638	11.445	11.442	11.444	19.896	21.814	29.159	27.811	26.561	27.509	7.058	11.241	26.293	16.204	16.367	15.386	3.184	15.078	10.943	14.649	14.72	2.539	3.192	9.621	6.24	11.801	7.498
vals_diff_sorted_window (2^5) unique num	139	302346073	52276950.52	139	156	3973	5901	10775	16274	52040	8062887	2743818	5923680	7837638	19522308	20396907	45807234	20896339	41918406	42011259	42713485	48317105	59050162	63111110	65292441	65302062	76642846	88823373	124369014	108310726	302346073	256543434
vals_diff_sorted_window_exp (2^5) unique num	11	166	71.65517241	13	13	11	16	15	17	116	62	81	35	83	76	39	101	166	111	111	51	50	65	57	110	110	70	83	113	56	83	164
windows_exp (2^5) unique num min	1	8	2.75862069	5	4	2	5	5	5	2	6	2	1	2	2	4	1	1	1	1	1	5	1	1	1	1	5	4	2	1	1	8
windows_exp (2^5) unique num max	7	31	21.4137931	12	12	8	7	7	7	26	25	23	14	23	25	26	27	30	26	26	20	21	20	25	28	28	22	26	27	23	26	31
windows_exp (2^5) unique num avg	5.113	19.205	11.52793103	7.813	8.156	5.113	5.505	5.504	5.503	5.824	14.21	11.034	5.971	11.953	11.853	16.622	11.764	14.523	15.839	15.559	10.826	13.393	11.143	10.859	15.587	15.532	10.53	14.155	12.116	16.353	11.865	19.205
vals_diff_sorted_window (2^6) abs min	0	0	0	0	0.00E+00	0	0	0.00E+00	0	0	0.00E+00	0.00E+00	0.00E+00	0	0	0.00E+00	0.00E+00	0.00E+00	0.00E+00	0.00E+00	0.00E+00	0.00E+00	0.00E+00	0.00E+00	0.00E+00	0.00E+00	0.00E+00	0	0.00E+00	0.00E+00	0.00E+00	0
vals_diff_sorted_window (2^6) abs max	1.95E-04	2.48E+20	8.55E+18	1.67E+04	16666.7	0.903322	200	2.00E+02	200	1023	1.30E+07	1.00E+00	1.95E-04	2	2	512292	1.23E+05	2.48E+20	7.17E+11	7.17E+11	4.27E+07	55.9997	6.66E+12	5.42E+13	5.86E+15	5.86E+15	7.20E+09	58.0664	1.92E+17	9.14E+06	2.77E+16	60173.8
vals_diff_sorted_window (2^6) abs avg	3.05E-06	1.96E+16	6.77E+14	3.45E+02	298.719	0.0104581	3.60679	3.61E+00	3.61399	0.0254249	50338.1	2.63E-02	3.05E-06	0.0280847	0.0254872	7.70E+03	9.00E+02	1.96E+16	5.40E+09	5.40E+09	33354.1	0.0910444	4.32E+09	5.93E+09	1.91E+11	1.91E+11	6.01E+04	0.0234669	7.89E+11	1.12E+05	5.23E+11	4.46784
vals_diff_sorted_window (2^6) abs std	0.00000913185	1.26076E+18	4.34784E+16	1793.2	1.54E+03	0.0769223	24.4224	2.44E+01	24.4499	3.04508	298829	1.17E-01	9.13E-06	0.115915	0.111425	3.71E+04	4.14E+03	1.26E+18	3.06E+10	3.06E+10	389058	6.52E-01	4.06E+10	1.11E+11	7.97E+12	7.97E+12	2.92E+06	0.227413	6.45E+13	5.17E+05	3.39E+13	108.219
vals_diff_sorted_window (2^6) ctz avg	3.93E+00	6.22E+01	2.72E+01	5.14E+01	48.058	55.916	62.214	6.22E+01	62.218	58.952	15.911	3.13E+01	4.69E+01	26.846	28.898	7.495	9.61E+00	2.62E+01	22.725	22.514	9.15	4.256	17.448	1.99E+01	1.83E+01	1.82E+01	4.777	3.949	20.663	6.21E+00	21.971	3.925
vals_diff_sorted_window (2^6) ctz avg corrected (- 6 - 6)	-8.08E+00	5.02E+01	1.52E+01	3.94E+01	36.058	43.916	50.214	5.02E+01	50.218	46.952	3.911	1.93E+01	3.49E+01	14.846	16.898	-4.51E+00	-2.39E+00	1.42E+01	10.725	10.514	-2.85	-7.744	5.448	7.89E+00	6.29E+00	6.19E+00	-7.223	-8.051	8.663	-5.79E+00	9.971	-8.075
vals_diff_sorted_window (2^6) ctz std	3.779	29.907	16.14934483	25.145	27.201	20.603	8.318	8.308	8.305	15.489	24.154	29.907	27.031	28.724	28.478	10.615	16.909	26.012	17.781	17.974	16.425	5.656	16.599	11.509	15.262	15.348	4.832	3.779	10.57	7.574	11.682	8.141
vals_diff_sorted_window (2^6) unique num	111	294990441	49845801.97	111	131	4019	9322	15646	25846	50716	6688321	2383380	4902568	6323415	14868437	17055442	41087462	16208277	35381418	35549387	42230005	47844399	56643294	61100797	58975982	59018581	76432783	88898955	118046260	105504135	294990441	255288727
vals_diff_sorted_window_exp (2^6) unique num	11	176	73.44827586	13	13	11	18	21	21	117	63	81	35	84	76	39	102	176	112	112	54	51	66	59	111	111	79	83	114	56	84	168
windows_exp (2^6) unique num min	1	12	3.586206897	6	4	3	5	5	5	2	10	2	2	2	2	4	1	2	2	2	1	5	2	2	2	2	5	8	2	2	2	12
windows_exp (2^6) unique num max	7	51	29.17241379	12	12	8	7	7	7	40	30	30	18	32	32	34	39	46	41	40	25	27	27	33	41	42	28	33	35	30	39	51
windows_exp (2^6) unique num avg	5.3	28.098	15.52541379	8.938	9.268	5.3	5.514	5.511	5.508	7.204	19.424	13.625	7.316	15.136	15.434	22.824	15.461	20.543	23.977	23.406	14.215	18.341	15.117	15.135	23.207	23.156	13.352	19.848	17.392	23.103	14.884	28.098
vals_diff_sorted_window (2^7) abs min	0	0	0	0	0	0	0	0	0	0	0	0	0	0	0	0	0	0	0	0	0	0	0	0	0	0	0	0	0	0	0	0
vals_diff_sorted_window (2^7) abs max	0.000195313	2.47798E+20	8.5526E+18	16666.7	16666.7	0.903322	200	200	200	1023	1.16E+07	1.00172	0.000195313	2	2	512292	122956	2.48E+20	7.17E+11	7.17E+11	4.27E+07	51.3026	5.06E+12	5.42E+13	5.86E+15	5.86E+15	6.73E+09	54.6673	1.92E+17	8.49E+06	2.37E+16	60173.8
vals_diff_sorted_window (2^7) abs avg	0.00000152588	1.3576E+16	468181171689421	198.852	173.031	0.00526247	1.80352	1.80571	1.80704	0.0208483	33782.4	0.0145067	1.53E-06	0.0155623	0.014333	5371.11	494.889	1.36E+16	3.67E+09	3.67E+09	22549.5	0.0521725	2.71E+09	3.51E+09	1.51E+11	1.51E+11	40572.4	0.0176108	5.59E+11	60062.6	3.80E+11	3.44076
vals_diff_sorted_window (2^7) abs std	0.00000493712	1.06284E+18	3.66533E+16	1413.19	1.19E+03	0.0540089	17.3638	1.74E+01	17.3831	3.04405	2.37E+05	8.64E-02	4.94E-06	0.0862917	0.0831939	2.94E+04	2.82E+03	1.06E+18	2.46E+10	2.46E+10	3.41E+05	4.32E-01	2.92E+10	8.19E+10	7.13E+12	7.13E+12	2.68E+06	0.216226	6.03E+13	3.90E+05	2.96E+13	94.6168
vals_diff_sorted_window (2^7) ctz avg	5.09E+00	6.31E+01	3.04E+01	5.72E+01	55.04	58.752	63.099	6.31E+01	63.104	61.085	23.168	3.68E+01	4.76E+01	35.016	33.768	10.775	1.61E+01	2.72E+01	2.75E+01	2.73E+01	11.213	5.817	2.02E+01	2.20E+01	2.10E+01	2.09E+01	8.894	5.088	2.31E+01	8.94E+00	2.36E+01	5.417
vals_diff_sorted_window (2^7) ctz avg corrected (- 7 - 6)	-7.91E+00	5.01E+01	1.74E+01	4.42E+01	42.04	45.752	50.099	5.01E+01	50.104	48.085	10.168	2.38E+01	3.46E+01	22.016	20.768	-2.23E+00	3.07E+00	1.42E+01	1.45E+01	1.43E+01	-1.787	-7.183	7.19E+00	9.01E+00	7.97E+00	7.86E+00	-4.11E+00	-7.912	1.01E+01	-4.06E+00	1.06E+01	-7.583
vals_diff_sorted_window (2^7) ctz std	5.275	29.553	16.66648276	19.43	21.848	16.913	5.989	5.973	5.964	11.683	27.587	29.553	26.401	29.275	28.59	14.264	22.532	25.621	20.436	20.655	17.58	8.44	18.031	12.376	16.875	16.972	13.002	5.275	11.791	8.008	12.083	10.181
vals_diff_sorted_window (2^7) unique num	105	272260003	45812128.9	105	124	3818	9774	17784	27128	46395	5469388	2069577	4019638	5062711	11481567	14327890	37059229	12004133	28137265	28292524	40933063	47040030	52986247	56465595	50252769	50277768	71320269	88302159	106408283	93246326	272260003	251030176
vals_diff_sorted_window_exp (2^7) unique num	12	176	74.48275862	13	13	12	20	21	21	118	64	83	35	85	76	39	102	176	112	112	55	54	66	59	113	113	82	83	114	63	85	171
windows_exp (2^7) unique num min	2	19	5.275862069	7	4	3	5	5	5	2	15	4	2	2	2	18	2	2	2	2	10	11	2	2	2	2	5	12	2	2	2	19
windows_exp (2^7) unique num max	7	72	36.48275862	12	12	8	7	7	7	48	35	37	18	38	44	37	46	63	56	52	29	32	32	37	55	57	37	45	45	42	48	72
windows_exp (2^7) unique num avg	5.402	37.243	20.05548276	9.26	9.692	5.402	5.533	5.525	5.52	7.951	23.57	15.594	8.628	17.603	18.687	29.216	19.139	26.312	34.213	33.146	18.164	22.961	19.182	20.64	34.17	34.1	18.744	26.167	23.5	32.356	19.391	37.243
vals_diff_sorted_window (2^8) abs min	0	0	0	0	0	0	0	0	0	0	0	0	0	0	0	0	0	0	0	0	0	0	0	0	0	0	0	0	0	0	0	0
vals_diff_sorted_window (2^8) abs max	0.000195313	2.47798E+20	8.55259E+18	16666.7	16666.7	0.903322	200	200	200	1023	9.52E+06	1.00163	0.000195313	2	2	356284	102007	2.48E+20	6.28E+11	6.28E+11	4.27E+07	51.3026	4.78E+12	5.42E+13	5.86E+15	5.86E+15	6.73E+09	47.7722	1.92E+17	8.31E+06	2.35E+16	60173.8
vals_diff_sorted_window (2^8) abs avg	0.000000762942	8.58945E+15	296217986322269	101.438	92.173	0.0026491	0.901885	0.902926	0.903565	0.0157706	21035.5	0.00792684	7.63E-07	0.00845707	0.00799447	2790.03	268.315	8.59E+15	2.30E+09	2.30E+09	14893.1	0.029241	1.63E+09	2.11E+09	1.18E+11	1.18E+11	26504.9	0.0108741	3.52E+11	30115.1	2.75E+11	2.34062
vals_diff_sorted_window (2^8) abs std	0.00000265893	8.40407E+17	2.89829E+16	999.389	8.35E+02	0.0378638	12.312	1.23E+01	12.3252	2.97743	181091	6.36E-02	2.66E-06	0.0634072	0.0614328	1.99E+04	1.86E+03	8.40E+17	1.87E+10	1.87E+10	291792	2.82E-01	2.13E+10	6.20E+10	6.51E+12	6.51E+12	2.31E+06	0.156518	5.71E+13	2.77E+05	2.60E+13	80.8328
vals_diff_sorted_window (2^8) ctz avg	6.44E+00	6.35E+01	3.34E+01	6.04E+01	59.012	60.592	63.541	6.35E+01	63.547	62.416	33.313	4.09E+01	4.81E+01	40.356	36.857	16.074	2.14E+01	2.81E+01	32.692	32.476	13.474	7.682	22.481	2.40E+01	2.36E+01	2.35E+01	13.998	6.435	25.463	1.11E+01	25.387	7.95
vals_diff_sorted_window (2^8) ctz avg corrected (- 8 - 6)	-7.57E+00	4.95E+01	1.94E+01	4.64E+01	45.012	46.592	49.541	4.95E+01	49.547	48.416	19.313	2.69E+01	3.41E+01	26.356	22.857	2.07E+00	7.41E+00	1.41E+01	18.692	18.476	-0.526	-6.318	8.481	9.95E+00	9.62E+00	9.52E+00	-0.002	-7.565	11.463	-2.91E+00	11.387	-6.05
vals_diff_sorted_window (2^8) ctz std	4.277	29.429	16.92451724	14.5	1.69E+01	13.754	4.316	4.29E+00	4.277	8.654	2.94E+01	2.86E+01	2.58E+01	28.378	28.193	1.84E+01	2.51E+01	2.52E+01	2.19E+01	2.22E+01	1.88E+01	1.12E+01	1.90E+01	1.34E+01	1.81E+01	1.82E+01	1.80E+01	7.126	1.32E+01	7.63E+00	1.27E+01	13.63
vals_diff_sorted_window (2^8) unique num	9.40E+01	2.47E+08	4.18E+07	9.40E+01	114	3515	9865	1.85E+04	27374	42829	4482287	1.80E+06	3.14E+06	4068496	9056215	10178044	3.49E+07	8.74E+06	2.21E+07	2.22E+07	39220780	46083845	4.98E+07	5.20E+07	4.29E+07	4.29E+07	64370687	87290980	9.49E+07	8.61E+07	2.39E+08	247186094
vals_diff_sorted_window_exp (2^8) unique num	1.20E+01	1.77E+02	7.49E+01	1.30E+01	13	12	20	2.10E+01	22	116	65	8.30E+01	3.50E+01	86	77	3.90E+01	1.02E+02	1.77E+02	1.12E+02	1.12E+02	55	54	6.70E+01	6.00E+01	1.13E+02	1.13E+02	8.30E+01	83	1.14E+02	6.70E+01	8.70E+01	171
windows_exp (2^8) unique num min	2	23	6.379310345	7	7	3	5	5	5	2	18	4	2	2	2	21	2	2	2	2	14	15	2	2	2	2	13	15	2	2	2	23
windows_exp (2^8) unique num max	7	98	42.89655172	12	12	9	7	7	7	59	40	45	20	46	49	40	50	75	66	59	30	36	39	43	71	66	46	56	50	50	56	98
windows_exp (2^8) unique num avg	5.543	46.046	24.12713793	9.398	10.066	5.579	5.571	5.553	5.543	8.326	26.488	17.601	9.879	20.068	22.374	32.532	23.027	31.677	44.38	42.494	20.857	27.158	23.022	24.459	45.13	44.946	24.021	32.521	28.113	38.781	24.077	46.046
vals_diff_sorted_window (2^9) abs min	0	0	0	0	0	0	0	0	0	0	0	0	0	0	0	0	0	0	0	0	0	0	0	0	0	0	0	0	0	0	0	0
vals_diff_sorted_window (2^9) abs max	0.000195313	2.47798E+20	8.55256E+18	16666.7	16666.7	0.903322	200	200	200	1023	9.52E+06	1	0.000195313	2	2	319253	102007	2.48E+20	5.42E+11	5.42E+11	4.27E+07	51.3026	4.78E+12	5.42E+13	5.86E+15	5.86E+15	6.73E+09	39.5482	1.92E+17	6.89E+06	2.26E+16	60173.8
vals_diff_sorted_window (2^9) abs avg	0.000000381473	5.08538E+15	175378625404658	51.7863	49.1577	0.00133616	0.451066	0.451533	0.451828	0.011759	10947.9	0.00417741	3.81E-07	0.0044238	0.00432822	1397.24	144.2	5.09E+15	1.21E+09	1.21E+09	9259.03	0.0162093	1.01E+09	1.29E+09	8.70E+10	8.70E+10	18123.6	0.00633051	2.31E+11	15115	1.90E+11	1.65494
vals_diff_sorted_window (2^9) abs std	0.00000154909	6.34369E+17	2.18779E+16	697.53	5.64E+02	0.0265016	8.71883	8.72E+00	8.72738	2.889	128738	4.55E-02	1.55E-06	0.0453888	0.0441152	1.41E+04	1.22E+03	6.34E+17	1.31E+10	1.31E+10	233170	1.88E-01	1.62E+10	4.77E+10	5.92E+12	5.92E+12	2.18E+06	0.103649	5.48E+13	1.96E+05	2.20E+13	72.1236
vals_diff_sorted_window (2^9) ctz avg	8.00E+00	6.38E+01	3.59E+01	6.21E+01	61.148	61.786	63.762	6.38E+01	63.768	63.154	44.239	4.49E+01	4.85E+01	44.625	39.071	20.612	2.50E+01	2.89E+01	37.038	36.865	15.952	9.744	24.336	2.59E+01	2.59E+01	2.58E+01	18.405	7.999	27.36	1.33E+01	27.19	9.781
vals_diff_sorted_window (2^9) ctz avg corrected (- 9 - 6)	-7.00E+00	4.88E+01	2.09E+01	4.71E+01	46.148	46.786	48.762	4.88E+01	48.768	48.154	29.239	2.99E+01	3.35E+01	29.625	24.071	5.61E+00	9.99E+00	1.39E+01	22.038	21.865	0.952	-5.256	9.336	1.09E+01	1.09E+01	1.08E+01	3.405	-7.001	12.36	-1.69E+00	12.19	-5.219
vals_diff_sorted_window (2^9) ctz std	3.082	27.669	16.80551724	10.809	12.982	11.129	3.141	3.106	3.082	6.384	27.649	27.175	25.306	26.913	27.669	20.745	26.08	24.787	22.119	22.332	20.235	13.554	19.577	14.393	18.898	18.999	20.507	9.267	14.086	8.026	13.379	15.031
vals_diff_sorted_window (2^9) unique num	88	244708506	38162097.59	88	105	3109	9893	18544	27447	40126	4621093	1567456	2474158	3293500	7225304	6929141	33376153	6300690	17475666	17657121	37383633	45088684	47402018	48032787	35621114	35640976	58352548	85876980	85233612	78867871	203472507	244708506
vals_diff_sorted_window_exp (2^9) unique num	12	178	75.4137931	13	13	12	20	21	22	117	65	84	36	86	79	39	102	178	111	111	57	54	67	60	115	115	83	83	114	70	89	171
windows_exp (2^9) unique num min	2	30	7.482758621	8	8.00E+00	3	5	5.00E+00	5	2	1.80E+01	7.00E+00	2.00E+00	2	2	2.40E+01	2.00E+00	2.00E+00	2.00E+00	2.00E+00	1.60E+01	1.90E+01	2.00E+00	2.00E+00	2.00E+00	2.00E+00	2.00E+01	19	2.00E+00	2.00E+00	2.00E+00	30
windows_exp (2^9) unique num max	7.00E+00	1.10E+02	4.81E+01	1.20E+01	12	9	7	7.00E+00	7	66	42	5.50E+01	2.20E+01	51	56	40	5.50E+01	9.20E+01	7.40E+01	7.00E+01	33	38	4.30E+01	4.60E+01	7.80E+01	7.30E+01	50	67	5.90E+01	5.50E+01	6.60E+01	110
windows_exp (2^9) unique num avg	5.59E+00	5.57E+01	2.76E+01	9.59E+00	10.512	5.818	5.647	5.61E+00	5.588	8.653	27.795	1.98E+01	1.11E+01	22.489	26.788	3.35E+01	2.70E+01	3.66E+01	5.29E+01	5.12E+01	22.689	30.444	2.68E+01	2.64E+01	5.37E+01	5.33E+01	2.81E+01	38.858	3.14E+01	4.35E+01	2.82E+01	55.714
vals_diff_sorted_window (2^10) abs min	0	0	0	0	0	0	0	0	0	0	0	0	0	0	0	0	0	0	0	0	0	0	0	0	0	0	0	0	0	0	0	0
vals_diff_sorted_window (2^10) abs max	0.000195313	2.47798E+20	8.55256E+18	16666.7	16666.7	0.903322	200	200	200	1023	9.52E+06	1	0.000195313	2	2	319253	102007	2.48E+20	5.42E+11	5.42E+11	4.27E+07	50.3042	4.76E+12	5.42E+13	5.86E+15	5.86E+15	6.73E+09	25.2584	1.92E+17	6.89E+06	2.26E+16	60173.8
vals_diff_sorted_window (2^10) abs avg	0.000000190738	2.84857E+15	98241243488720	26.2774	25.7356	0.000675938	0.225658	0.225837	0.225959	0.00974666	5641.7	0.0021725	1.91E-07	0.00226818	0.00228555	698.852	77.3166	2.85E+15	6.49E+08	6.49E+08	5665.98	0.0089123	6.45E+08	8.14E+08	6.45E+10	6.45E+10	13128.3	0.00363127	1.61E+11	7609.59	1.34E+11	1.21076
vals_diff_sorted_window (2^10) abs std	0.000000955186	4.63463E+17	1.59843E+16	473.867	3.57E+02	0.0184789	6.17106	6.17E+00	6.17594	2.84232	90206.8	3.23E-02	9.55E-07	0.0321232	0.0311572	9.97E+03	8.19E+02	4.63E+17	9.10E+09	9.10E+09	182833	1.29E-01	1.26E+10	3.89E+10	5.33E+12	5.33E+12	2.09E+06	0.0703055	5.36E+13	1.38E+05	1.86E+13	63.4388
vals_diff_sorted_window (2^10) ctz avg	9.82E+00	6.39E+01	3.79E+01	6.29E+01	62.351	62.549	63.872	6.39E+01	63.879	63.539	50.209	4.88E+01	4.88E+01	47.815	41.657	23.238	2.76E+01	2.97E+01	40.353	40.21	18.248	11.728	25.833	2.77E+01	2.79E+01	2.78E+01	21.694	9.816	28.94	1.69E+01	28.552	11.253
vals_diff_sorted_window (2^10) ctz avg corrected (- 10 - 6)	-6.18E+00	4.79E+01	2.19E+01	4.69E+01	46.351	46.549	47.872	4.79E+01	47.879	47.539	34.209	3.28E+01	3.28E+01	31.815	25.657	7.24E+00	1.16E+01	1.37E+01	24.353	24.21	2.248	-4.272	9.833	1.17E+01	1.19E+01	1.18E+01	5.694	-6.184	12.94	8.65E-01	12.552	-4.747
vals_diff_sorted_window (2^10) ctz std	2.251	26.953	16.51306897	8.185	9.96	9.019	2.333	2.285	2.251	4.727	24.642	25.206	24.847	25.314	26.953	21.413	26.363	24.374	21.784	21.972	21.292	15.227	19.878	15.3	19.397	19.488	21.671	11.518	14.689	9.388	13.704	15.699
vals_diff_sorted_window (2^10) unique num	84	243764168	34961761.1	84	94	2654	9905	18579	27472	38180	4823850	1314043	1896571	2615355	5455792	4996644	31923290	4522041	13986721	14203632	36049252	44192654	45180901	43932589	29219224	29287250	54164886	84083784	76195134	69001283	172985040	243764168
vals_diff_sorted_window_exp (2^10) unique num	12	178	75.96551724	13	13	12	20	21	22	119	65	87	35	88	81	39	102	178	112	112	58	56	67	60	115	115	84	82	115	72	89	171
windows_exp (2^10) unique num min	2	40	9.896551724	8	8	3	5	5	5	2	18	7	2	2	2	27	2	2	2	2	18	25	2	2	21	24	24	23	2	2	2	40
windows_exp (2^10) unique num max	7	124	52.62068966	12	12	9	7	7	7	76	45	63	24	62	64	40	56	98	82	79	35	40	48	48	87	82	54	71	66	57	71	124
windows_exp (2^10) unique num avg	5.679	65.096	30.70534483	9.831	10.834	6.065	5.799	5.724	5.679	9.159	29.303	22.017	12.12	24.584	31.094	33.858	31.092	41.251	61.457	59.632	24.344	32.76	30.77	27.801	61.816	60.463	31.501	45.089	33.631	45.572	32.113	65.096
vals_diff_sorted_window (2^11) abs min	0	0	0	0	0.00E+00	0	0	0.00E+00	0	0	0.00E+00	0.00E+00	0.00E+00	0	0	0.00E+00	0.00E+00	0.00E+00	0.00E+00	0.00E+00	0.00E+00	0.00E+00	0.00E+00	0.00E+00	0.00E+00	0.00E+00	0.00E+00	0	0.00E+00	0.00E+00	0.00E+00	0
vals_diff_sorted_window (2^11) abs max	1.95E-04	2.48E+20	8.55E+18	1.67E+04	16666.7	0.903322	200	2.00E+02	200	1023	9.52E+06	1.00E+00	1.95E-04	2	2	319253	1.02E+05	2.48E+20	5.00E+11	5.00E+11	4.27E+07	45.4338	4.75E+12	5.42E+13	5.86E+15	5.86E+15	6.73E+09	25.2584	1.92E+17	6.87E+06	2.05E+16	60173.8
vals_diff_sorted_window (2^11) abs avg	9.54E-08	1.58E+15	5.44E+13	1.32E+01	13.1771	0.000343094	0.112952	1.13E-01	0.113024	0.00493032	2955.79	1.11E-03	9.54E-08	0.00115111	0.00115221	3.50E+02	4.16E+01	1.58E+15	3.56E+08	3.56E+08	3541.08	0.00491468	4.17E+08	5.28E+08	4.84E+10	4.84E+10	9.57E+03	0.00204001	1.16E+11	3.86E+03	1.01E+11	0.822243
vals_diff_sorted_window (2^11) abs std	0.000000606984	3.39418E+17	1.17068E+16	306.564	2.16E+02	0.0128017	4.36755	4.37E+00	4.36939	2.01168	63447.8	2.29E-02	6.07E-07	0.0226823	0.0219379	7.02E+03	5.71E+02	3.39E+17	6.29E+09	6.29E+09	145491	9.22E-02	9.99E+09	3.22E+10	4.81E+12	4.81E+12	1.97E+06	0.0493415	5.29E+13	9.74E+04	1.66E+13	53.2147
vals_diff_sorted_window (2^11) ctz avg	1.17E+01	6.39E+01	3.94E+01	6.33E+01	63.077	63.019	63.928	6.39E+01	63.934	63.747	53.459	5.23E+01	4.91E+01	50.322	45.881	24.868	2.95E+01	3.05E+01	42.781	42.662	20.066	13.535	27.078	2.95E+01	2.96E+01	2.95E+01	24.213	11.723	30.532	1.90E+01	29.585	12.679
vals_diff_sorted_window (2^11) ctz avg corrected (- 11 - 6)	-5.28E+00	4.69E+01	2.24E+01	4.63E+01	46.077	46.019	46.928	4.69E+01	46.934	46.747	36.459	3.53E+01	3.21E+01	33.322	28.881	7.87E+00	1.25E+01	1.35E+01	25.781	25.662	3.066	-3.465	10.078	1.25E+01	1.26E+01	1.25E+01	7.213	-5.277	13.532	1.95E+00	12.585	-4.321
vals_diff_sorted_window (2^11) ctz std	1.686	26.344	16.11103448	6.347	7.486	7.405	1.796	1.732	1.686	3.476	22.161	22.783	24.404	23.692	25.522	21.554	26.344	23.969	21.243	21.409	21.827	16.34	19.979	15.966	19.685	19.764	22.244	13.424	15.271	9.759	13.76	16.192
vals_diff_sorted_window (2^11) unique num	80	244457322	32264310.45	80	90	2222	9838	18592	27485	36552	4661404	1106913	1456610	2099112	4020648	3796547	30213560	3237023	11340216	11560067	35327237	43385338	42599834	39209048	24079346	24209592	51314345	82298444	66636919	61859737	146700882	244457322
vals_diff_sorted_window_exp (2^11) unique num	12	178	76.44827586	13	13	12	20	21	22	118	65	88	34	88	81	39	102	178	112	112	58	60	67	60	118	118	84	83	116	73	90	172
windows_exp (2^11) unique num min	2	48	12.20689655	8	8	3	5	5	5	2	19	7	2	2	2	28	14	2	2	2	18	27	2	19	32	32	27	27	2	2	2	48
windows_exp (2^11) unique num max	7	134	55.79310345	12	12	9	7	7	7	90	47	70	24	68	67	40	58	102	90	85	37	41	52	50	91	86	57	73	69	59	74	134
windows_exp (2^11) unique num avg	5.862	73.024	33.63541379	10.182	10.963	6.281	6.102	5.952	5.862	9.523	31.55	24.376	13.188	26.601	33.99	33.948	35.448	45.926	69.551	67.294	26.036	34.762	34.873	29.143	69.961	66.835	34.56	51.022	35.491	47.183	35.8	73.024
vals_diff_sorted_window (2^12) abs min	0	0	0	0	0	0	0	0	0	0	0	0	0	0	0	0	0	0	0	0	0	0	0	0	0	0	0	0	0	0	0	0
vals_diff_sorted_window (2^12) abs max	0.000195313	2.47798E+20	8.55249E+18	16666.7	16666.7	0.878885	200	200	200	1023	7.08E+06	1	0.000195313	2	2	319253	102007	2.48E+20	4.79E+11	4.79E+11	4.27E+07	45.4338	3.43E+12	5.42E+13	5.86E+15	5.86E+15	6.73E+09	25.2584	1.92E+17	6.82E+06	2.05E+16	60173.8
vals_diff_sorted_window (2^12) abs avg	0.0000000476858	864624000000000	29823011815842	6.6256	6.64107	0.000174724	0.0564984	0.0565331	0.0565547	0.00251594	1550.23	0.000577627	4.77E-08	0.000585183	0.000580799	174.821	22.6138	8.65E+14	1.99E+08	1.99E+08	2256.88	0.00272368	2.67E+08	3.56E+08	3.64E+10	3.64E+10	7410.15	0.00114303	8.71E+10	1978.33	8.25E+10	0.616919
vals_diff_sorted_window (2^12) abs std	0.000000396231	2.49233E+17	8.59682E+15	186.841	1.32E+02	0.00879392	3.08935	3.09E+00	3.09132	1.42465	4.48E+04	1.62E-02	3.96E-07	0.0159773	0.0154301	4.92E+03	4.14E+02	2.49E+17	4.40E+09	4.40E+09	1.17E+05	6.85E-02	7.98E+09	2.83E+10	4.28E+12	4.28E+12	1.90E+06	0.0359635	5.09E+13	6.82E+04	1.54E+13	47.8115
vals_diff_sorted_window (2^12) ctz avg	1.35E+01	6.40E+01	4.07E+01	6.36E+01	63.506	63.314	63.957	6.40E+01	63.962	63.855	55.783	5.46E+01	4.95E+01	51.856	48.895	26.048	3.12E+01	3.13E+01	4.48E+01	4.47E+01	21.479	15.215	2.82E+01	3.11E+01	3.12E+01	3.11E+01	26.175	13.495	3.21E+01	2.03E+01	3.05E+01	14.009
vals_diff_sorted_window (2^12) ctz avg corrected (- 12 - 6)	-4.51E+00	4.60E+01	2.27E+01	4.56E+01	45.506	45.314	45.957	4.60E+01	45.962	45.855	37.783	3.66E+01	3.15E+01	33.856	30.895	8.05E+00	1.32E+01	1.33E+01	2.68E+01	2.67E+01	3.479	-2.785	1.02E+01	1.31E+01	1.32E+01	1.31E+01	8.18E+00	-4.505	1.41E+01	2.31E+00	1.25E+01	-3.991
vals_diff_sorted_window (2^12) ctz std	1.315	26.168	15.70368966	4.933	5.491	6.183	1.416	1.372	1.315	2.598	19.901	20.757	23.931	22.478	24.01	21.521	26.168	23.573	20.615	20.764	21.993	17.13	19.948	16.426	19.846	19.912	22.464	14.734	15.718	9.971	13.695	16.544
vals_diff_sorted_window (2^12) unique num	79	245538467	29919485.34	79	87	1767	7903	16673	27100	35350	4255258	953176	1133815	1701256	3007069	3085942	28042361	2315608	9285753	9488912	35039960	42628501	39286867	33944574	19953659	20152451	49366019	80734376	56944294	57912834	122804964	245538467
vals_diff_sorted_window_exp (2^12) unique num	12	178	76.79310345	13	13	12	20	22	22	119	64	88	33	91	81	39	102	178	113	113	59	60	66	60	119	119	84	84	116	73	91	173
windows_exp (2^12) unique num min	2	54	13.31034483	8	8	4	5	5	5	3	20	7	2	2	2	28	19	2	2	2	18	29	2	24	33	33	29	34	2	2	2	54
windows_exp (2^12) unique num max	7	144	58.27586207	12	12	10	8	8	7	90	46	75	25	71	71	40	61	108	93	90	39	43	54	51	98	89	61	75	71	63	75	144
windows_exp (2^12) unique num avg	6.226	81.279	36.54551724	10.567	11.001	6.447	6.499	6.403	6.226	9.991	33.873	27.807	14.203	29.017	36.762	34.048	40.351	50.455	76.649	74.068	27.904	36.695	38.973	30.583	77.474	72.401	37.613	56.875	37.49	48.722	39.444	81.279
vals_diff_sorted_window (2^13) abs min	0	0	0	0	0	0	0	0	0	0	0	0	0	0	0	0	0	0	0	0	0	0	0	0	0	0	0	0	0	0	0	0
vals_diff_sorted_window (2^13) abs max	0.000195313	2.47798E+20	8.55249E+18	16666.7	9615.38	0.878885	200	200	200	1023	7.08E+06	1	0.000195313	1	2	319253	102007	2.48E+20	4.72E+11	4.72E+11	4.27E+07	43.299	3.43E+12	5.42E+13	5.86E+15	5.86E+15	6.73E+09	25.2584	1.92E+17	6.73E+06	2.05E+16	60173.8
vals_diff_sorted_window (2^13) abs avg	0.0000000238429	475985000000000	16420017135289	3.31909	3.3275	8.92E-05	0.0282503	0.0282671	0.0282781	0.00130569	812.218	0.000307224	2.38E-08	0.000300161	0.000293361	87.4403	12.427	4.76E+14	1.09E+08	1.09E+08	1419.46	0.00151621	1.67E+08	2.50E+08	2.74E+10	2.74E+10	6006.75	0.000644956	6.97E+10	1036.4	7.03E+10	0.461054
vals_diff_sorted_window (2^13) abs std	0.000000266557	1.84463E+17	6.36329E+15	107.253	87.2017	0.00598459	2.18463	2.18547	2.18601	1.01324	31706.9	0.0115779	0.000000266557	0.0112596	0.0108473	3406.02	312.587	1.84463E+17	3051070000	3051070000	92924.3	0.0522546	6396940000	25544800000	3754530000000	3754530000000	1862060	0.0274096	50216700000000	47455.1	14600100000000	41.7284
vals_diff_sorted_window (2^13) ctz avg	15.04	63.98	41.73	63.77	63.75	63.51	63.97	63.98	63.98	63.91	57.74	56.12	50.00	52.88	51.12	27.07	32.55	32.03	46.67	46.58	22.63	16.79	29.19	32.57	32.61	32.57	27.59	15.04	33.50	21.35	31.38	15.23
vals_diff_sorted_window (2^13) ctz avg corrected (- 13 - 6)	-3.96E+00	4.50E+01	2.27E+01	4.48E+01	44.746	44.512	44.974	4.50E+01	44.978	44.912	38.737	3.71E+01	3.10E+01	33.875	32.122	8.07E+00	1.35E+01	1.30E+01	27.668	27.582	3.632	-2.209	10.189	1.36E+01	1.36E+01	1.36E+01	8.588	-3.956	14.5	2.35E+00	12.381	-3.766
vals_diff_sorted_window (2^13) ctz std	1.028	25.902	15.28806897	3.768	3.94E+00	5.201	1.105	1.06E+00	1.028	1.992	1.76E+01	1.92E+01	2.34E+01	21.573	22.583	2.14E+01	2.59E+01	2.32E+01	1.99E+01	2.00E+01	2.19E+01	1.77E+01	1.99E+01	1.67E+01	1.99E+01	2.00E+01	2.24E+01	15.53	1.60E+01	1.02E+01	1.36E+01	16.756
vals_diff_sorted_window (2^13) unique num	6.40E+01	2.46E+08	2.78E+07	7.70E+01	64	1353	7813	1.46E+04	21899	34061	3728771	8.26E+05	8.48E+05	1402314	2307549	2607393	2.54E+07	1.66E+06	7.55E+06	7.74E+06	34992262	41920232	3.51E+07	2.86E+07	1.66E+07	1.68E+07	48229282	79447579	4.77E+07	5.67E+07	1.01E+08	246134672
vals_diff_sorted_window_exp (2^13) unique num	1.20E+01	1.78E+02	7.71E+01	1.30E+01	12	12	21	2.20E+01	22	120	65	8.80E+01	3.30E+01	90	82	3.90E+01	1.02E+02	1.78E+02	1.14E+02	1.14E+02	60	61	6.60E+01	6.00E+01	1.19E+02	1.19E+02	8.40E+01	84	1.17E+02	7.40E+01	9.10E+01	174
windows_exp (2^13) unique num min	2	61	15.31034483	8	8	4	5	5	5	3	22	8	2	2	2	28	27	2	2	2	18	30	24	26	36	36	32	40	2	2	2	61
windows_exp (2^13) unique num max	8	146	60.48275862	12	12	10	9	8	8	90	48	79	25	76	73	40	66	112	95	95	43	45	55	51	101	94	64	77	78	66	76	146
windows_exp (2^13) unique num avg	6.509	90.149	39.46737931	10.881	11	6.558	6.561	6.525	6.509	10.5	35.969	32.28	15.3	32.357	39.872	34.414	45.836	54.562	83.083	80.54	29.968	38.637	42.714	32.073	84.008	77.415	40.992	61.988	39.904	50.36	43.599	90.149
vals_diff_sorted_window (2^14) abs min	0	0	0	0	0	0	0	0	0	0	0	0	0	0	0	0	0	0	0	0	0	0	0	0	0	0	0	0	0	0	0	0
vals_diff_sorted_window (2^14) abs max	0.000195313	2.47798E+20	8.55249E+18	16666.7	7051.28	0.856663	200	200	200	1023	7.08E+06	1	0.000195313	1	1	319253	102007	2.48E+20	4.42E+11	4.42E+11	4.27E+07	39.4684	3.43E+12	5.42E+13	5.86E+15	5.86E+15	6.73E+09	25.2584	1.92E+17	6.66E+06	2.05E+16	60173.8
vals_diff_sorted_window (2^14) abs avg	0.0000000119214	260166000000000	8976827402152	1.66192	1.66398	4.56E-05	0.0141272	0.0141344	0.014139	0.000700288	433.46	0.000169568	1.19E-08	0.000154352	0.000148259	43.7395	6.94363	2.60E+14	5.88E+07	5.88E+07	885.692	0.00085076	1.02E+08	1.76E+08	2.11E+10	2.11E+10	4867.98	0.000364998	5.88E+10	559.162	6.05E+10	0.246042
vals_diff_sorted_window (2^14) abs std	0.000000182205	1.36057E+17	4.69407E+15	64.9429	6.08E+01	0.00403829	1.54482	1.55E+00	1.54576	0.729002	22716.4	8.34E-03	1.82E-07	0.00794618	0.00764427	2.31E+03	2.47E+02	1.36E+17	2.14E+09	2.14E+09	72589.6	4.09E-02	5.25E+09	2.27E+10	3.44E+12	3.44E+12	1.53E+06	0.0213343	5.01E+13	3.27E+04	1.42E+13	30.3334
vals_diff_sorted_window (2^14) ctz avg	1.65E+01	6.40E+01	4.27E+01	6.39E+01	63.872	63.658	63.983	6.40E+01	63.986	63.941	59.307	5.74E+01	5.06E+01	54.223	52.875	28.078	3.38E+01	3.28E+01	48.832	48.759	2.36E+01	18.267	30.303	3.40E+01	3.39E+01	3.39E+01	28.762	16.463	34.768	2.23E+01	32.546	16.477
vals_diff_sorted_window (2^14) ctz avg corrected (- 14 - 6)	-3.54E+00	4.40E+01	2.27E+01	4.39E+01	43.872	43.658	43.983	4.40E+01	43.986	43.941	39.307	3.74E+01	3.06E+01	34.223	32.875	8.08E+00	1.38E+01	1.28E+01	28.832	28.759	3.638	-1.733	10.303	1.40E+01	1.39E+01	1.39E+01	8.762	-3.537	14.768	2.32E+00	12.546	-3.523
vals_diff_sorted_window (2^14) ctz std	0.81	25.577	14.85593103	2.761	2.799	4.348	0.909	0.85	0.81	1.594	15.406	17.651	22.747	20.397	21.271	21.358	25.577	22.821	18.914	19.04	21.755	18.084	19.764	16.873	19.865	19.906	22.171	16.058	16.156	10.317	13.78	16.84
vals_diff_sorted_window (2^14) unique num	51	246389129	25925885.83	73	51	988	7100	13052	20580	33801	3406925	705062	619275	1122001	1770760	2297146	22382933	1186932	6049519	6234724	35044791	41271423	30252267	23735778	13774061	14107365	47467047	78336617	39262229	55885043	80474017	246389129
vals_diff_sorted_window_exp (2^14) unique num	11	178	77.44827586	13	11	12	21	22	23	120	65	88	33	90	82	39	102	178	114	114	61	61	66	60	121	121	84	85	119	74	92	175
windows_exp (2^14) unique num min	2	69	20.51724138	9	1.10E+01	5	5	5.00E+00	5	3	2.40E+01	9.00E+00	2.00E+00	8	2	2.90E+01	2.70E+01	2.00E+00	3.30E+01	3.40E+01	2.70E+01	3.40E+01	3.00E+01	2.70E+01	3.90E+01	3.90E+01	3.60E+01	45	2.00E+00	3.20E+01	2.00E+00	69
windows_exp (2^14) unique num max	9.00E+00	1.54E+02	6.29E+01	1.20E+01	11	10	10	1.00E+01	9	95	49	8.20E+01	2.60E+01	84	74	40	7.00E+01	1.18E+02	1.00E+02	9.90E+01	45	46	5.70E+01	5.20E+01	1.04E+02	9.60E+01	69	78	8.10E+01	6.60E+01	7.70E+01	154
windows_exp (2^14) unique num avg	6.56E+00	9.80E+01	4.24E+01	1.10E+01	11	6.666	6.679	6.60E+00	6.561	11.252	37.934	3.89E+01	1.64E+01	36.718	43.286	3.51E+01	5.15E+01	5.83E+01	8.82E+01	8.61E+01	32.17	40.648	4.57E+01	3.37E+01	8.97E+01	8.22E+01	4.49E+01	66.027	4.29E+01	5.21E+01	4.80E+01	98.004
vals_diff_sorted_window (2^15) abs min	0	0	0	0	0	0	0	0	0	0	0	0	0	0	0	0	0	0	0	0	0	0	0	0	0	0	0	0	0	0	0	0
vals_diff_sorted_window (2^15) abs max	0.000195313	2.47798E+20	8.55249E+18	9401.71	4700.85	0.83337	200	200	200	1023	7.08E+06	1	0.000195313	1	1	319253	102007	2.48E+20	4.21E+11	4.21E+11	4.27E+07	39.4684	3.43E+12	5.42E+13	5.86E+15	5.86E+15	6.73E+09	25.2584	1.92E+17	6.46E+06	2.05E+16	60173.8
vals_diff_sorted_window (2^15) abs avg	0.00000000596072	139581000000000	4817648857688	0.831214	0.832074	2.34E-05	0.00706479	0.00706857	0.00706952	0.000387209	241.302	8.84E-05	5.96E-09	8.01E-05	7.48E-05	21.8945	3.92064	1.40E+14	3.11E+07	3.11E+07	552.926	0.00048054	6.22E+07	1.26E+08	1.62E+10	1.62E+10	4115.23	0.000205292	5.15E+10	308.976	4.67E+10	0.124699
vals_diff_sorted_window (2^15) abs std	0.000000124215	9.83228E+16	3.39283E+15	43.8151	42.9363	0.00270743	1.09228	1.0928	1.09297	0.524946	16908.7	0.00595924	1.24E-07	0.00563555	0.00540183	1512.22	200.109	9.83E+16	1.51E+09	1.51E+09	57399.4	0.0324511	4.39E+09	1.98E+10	3.18E+12	3.18E+12	1.47E+06	0.0167295	4.98E+13	22554.9	1.32E+13	21.7527
vals_diff_sorted_window (2^15) ctz avg	17.617	63.991	43.77210345	63.937	63.936	63.769	63.988	63.99	63.991	63.958	60.3	59.007	51.134	56.498	54.839	29.163	34.897	33.703	50.683	50.624	24.615	19.66	31.712	35.214	35.288	35.264	29.983	17.819	35.884	23.503	34.415	17.617
vals_diff_sorted_window (2^15) ctz avg corrected (- 15 - 6)	-3.383	42.991	22.77210345	42.937	42.936	42.769	42.988	42.99	42.991	42.958	39.3	38.007	30.134	35.498	33.839	8.163	13.897	12.703	29.683	29.624	3.615	-1.34	10.712	14.214	14.288	14.264	8.983	-3.181	14.884	2.503	13.415	-3.383
vals_diff_sorted_window (2^15) ctz std	0.675	25.215	14.40251724	1.969	1.985	3.571	0.791	0.722	0.675	1.32	13.73	15.546	22.143	18.238	19.612	21.294	25.215	22.488	17.9	18.011	21.531	18.338	19.789	16.913	19.815	19.846	21.993	16.445	16.139	10.373	14.465	16.816
vals_diff_sorted_window (2^15) unique num	43	246105794	24113864.83	57	43	694	6024	12698	17642	33491	3247466	570649	459622	879500	1343290	2044502	19230259	852171	4836138	5020413	35058503	40654855	24970417	19381461	11448460	11840146	46613561	77301527	31689605	53553080	62130012	246105794
vals_diff_sorted_window_exp (2^15) unique num	11	178	77.65517241	12	11	12	22	22	24	120	65	88	34	90	83	39	102	178	114	114	61	61	66	60	121	121	84	85	119	74	93	177
windows_exp (2^15) unique num min	2	74	24.55172414	9	11	6	5	5	5	3	26	19	2	8	9	29	27	2	33	34	28	37	38	30	73	70	40	51	2	34	2	74
windows_exp (2^15) unique num max	10	156	64.89655172	12	11	10	11	12	10	95	51	83	29	90	77	40	73	124	104	104	46	48	58	53	105	101	73	78	84	66	78	156
windows_exp (2^15) unique num avg	6.66	104.756	44.97872414	10.999	11	6.746	6.908	6.735	6.66	11.753	39.956	43.222	17.802	42.061	46.346	36.238	56.754	61.525	92.34	90.781	34.523	42.681	47.894	35.626	94.665	87.07	49.095	69.138	46.688	53.996	50.425	104.756
vals_diff_sorted_window (2^16) abs min	0	0	0	0	0.00E+00	0	0	0.00E+00	0	0	0.00E+00	0.00E+00	0.00E+00	0	0	0.00E+00	0.00E+00	0.00E+00	0.00E+00	0.00E+00	0.00E+00	0.00E+00	0.00E+00	0.00E+00	0.00E+00	0.00E+00	0.00E+00	0	0.00E+00	0.00E+00	0.00E+00	0
vals_diff_sorted_window (2^16) abs max	1.95E-04	2.48E+20	8.55E+18	7.05E+03	4273.5	7.79E-01	200	2.00E+02	200	1023	7.08E+06	1.00E+00	1.95E-04	1	1	319253	1.02E+05	2.48E+20	3.67E+11	3.67E+11	4.27E+07	23.934	3.43E+12	5.42E+13	5.86E+15	5.86E+15	6.73E+09	25.2584	1.92E+17	6.12E+06	2.05E+16	60173.8
vals_diff_sorted_window (2^16) abs avg	2.98E-09	7.81E+13	2.70E+12	4.16E-01	0.416284	1.20E-05	0.00353446	3.54E-03	0.00353546	0.000234686	141.214	4.46E-05	2.98E-09	4.07E-05	3.77E-05	1.10E+01	2.23E+00	7.81E+13	1.62E+07	1.62E+07	329.425	0.000270839	3.78E+07	9.47E+07	1.24E+10	1.24E+10	3.42E+03	0.000116521	4.46E+10	1.71E+02	3.38E+10	0.0637401
vals_diff_sorted_window (2^16) abs std	0.000000082284	7.37598E+16	2.54564E+15	30.5165	30.3568	0.00180344	0.772381	0.772748	0.772841	0.384956	13354	0.00419254	8.23E-08	0.00397106	0.003812	951.788	164.188	7.38E+16	1.07E+09	1.07E+09	43284.3	0.0254488	3.67E+09	1.87E+10	2.97E+12	2.97E+12	1.45E+06	0.0134915	4.59E+13	15781.2	1.19E+13	15.9423
vals_diff_sorted_window (2^16) ctz avg	18.638	63.993	44.76606897	63.968	63.967	63.851	63.99	63.992	63.993	63.967	60.893	60.145	51.88	58.262	56.371	30.454	35.959	34.677	52.166	52.116	25.727	21.027	33.372	36.369	36.854	36.836	31.396	19.106	36.9	25.198	36.142	18.638
vals_diff_sorted_window (2^16) ctz avg corrected (- 16 - 6)	-3.362	41.993	22.76606897	41.968	41.967	41.851	41.99	41.992	41.993	41.967	38.893	38.145	29.88	36.262	34.371	8.454	13.959	12.677	30.166	30.116	3.727	-0.973	11.372	14.369	14.854	14.836	9.396	-2.894	14.9	3.198	14.142	-3.362
vals_diff_sorted_window (2^16) ctz std	0.594	24.831	13.98593103	1.396	1.41	2.864	0.72	0.646	0.594	1.151	12.567	13.741	21.426	16.167	18.094	21.257	24.831	22.208	16.918	17.017	21.376	18.53	19.883	16.864	19.796	19.819	21.894	16.705	16.03	10.089	14.891	16.708
vals_diff_sorted_window (2^16) unique num	42	246000595	22371367.31	45	42	488	5559	10919	16794	33005	3231720	452661	342099	674819	1023997	1830539	16077038	612561	3833332	4014839	34866848	39986904	19851976	15570527	9522022	9972786	45454114	76360479	25019320	46797006	47206618	246000595
vals_diff_sorted_window_exp (2^16) unique num	11	178	77.86206897	11	11	12	22	22	24	119	65	88	34	91	83	39	102	178	115	115	63	61	66	60	121	121	84	85	121	74	94	177
windows_exp (2^16) unique num min	2	81	27.44827586	11	11	6	5	5	5	3	31	20	2	12	9	28	44	2	33	34	32	39	42	31	81	77	43	61	2	46	2	79
windows_exp (2^16) unique num max	10	157	66.51724138	11	11	10	12	13	12	108	53	84	29	91	77	40	73	125	106	106	46	50	59	54	108	107	74	79	87	66	81	157
windows_exp (2^16) unique num avg	6.85	110.4	47.42982759	11	11	6.867	7.355	7.004	6.85	12.517	42.323	47.202	19.038	46.016	49.41	37.692	60.885	64.357	95.545	94.548	36.879	44.762	49.818	37.775	98.926	92.126	53.211	71.77	51.498	56.066	52.625	110.4
vals_diff_sorted_window (2^17) abs min	0	0	0	0	0	0	0	0	0	0	0	0	0	0	0	0	0	0	0	0	0	0	0	0	0	0	0	0	0	0	0	0
vals_diff_sorted_window (2^17) abs max	0.000195313	2.47798E+20	8.55249E+18	4700.85	4273.5	0.766704	200	200	200	1023	7.08E+06	1	0.000195313	1	1	319253	102007	2.48E+20	3.67E+11	3.67E+11	4.27E+07	22.4754	3.43E+12	5.42E+13	5.86E+15	5.86E+15	6.73E+09	25.2584	1.92E+17	5.26E+06	2.05E+16	60173.8
vals_diff_sorted_window (2^17) abs avg	0.00000000149335	45169200000000	1560480343583	0.207968	0.208388	6.14E-06	0.00176826	0.00176921	0.00176795	0.000154798	87.4808	2.24E-05	1.49E-09	2.06E-05	1.91E-05	5.4938	1.27949	4.52E+13	8.38E+06	8.38E+06	193.259	0.000151273	2.31E+07	7.03E+07	9.01E+09	9.01E+09	2934.99	6.50E-05	4.16E+10	96.6074	2.50E+10	0.0329103
vals_diff_sorted_window (2^17) abs std	0.0000000502629	5.6693E+16	1.95707E+15	21.4921	2.15E+01	0.00119375	0.54605	5.46E-01	0.546393	0.277751	1.12E+04	2.93E-03	5.03E-08	0.00278939	0.00269038	6.40E+02	1.36E+02	5.67E+16	7.60E+08	7.60E+08	3.28E+04	2.01E-02	3.06E+09	1.77E+10	2.68E+12	2.68E+12	1.44E+06	0.0106984	4.58E+13	1.11E+04	1.08E+13	11.9987
vals_diff_sorted_window (2^17) ctz avg	1.96E+01	6.40E+01	4.58E+01	6.40E+01	63.983	6.39E+01	63.992	6.40E+01	63.994	63.973	61.264	6.10E+01	5.29E+01	59.463	57.482	35.373	3.71E+01	3.58E+01	5.33E+01	5.33E+01	2.69E+01	22.436	3.49E+01	3.75E+01	3.82E+01	3.82E+01	32.554	20.387	3.78E+01	2.65E+01	3.74E+01	19.586
vals_diff_sorted_window (2^17) ctz avg corrected (- 17 - 6)	-3.41E+00	4.10E+01	2.28E+01	4.10E+01	40.983	40.909	40.992	4.10E+01	40.994	40.973	38.264	3.80E+01	2.99E+01	36.463	34.482	1.24E+01	1.41E+01	1.28E+01	3.03E+01	3.03E+01	3.881	-0.564	1.19E+01	1.45E+01	1.52E+01	1.52E+01	9.55E+00	-2.613	1.48E+01	3.53E+00	1.44E+01	-3.414
vals_diff_sorted_window (2^17) ctz std	0.547	24.446	13.63372414	0.989	1.004	2.241	0.671	0.599	0.547	1.029	11.741	12.215	20.533	14.469	16.824	22.401	24.446	22.003	16.007	16.093	21.227	18.73	19.875	16.758	19.66	19.676	21.664	16.919	15.855	9.739	14.933	16.53
vals_diff_sorted_window (2^17) unique num	40	246024322	20866163.21	40	42	344	5153	9902	14758	32118	3172001	359932	250492	519572	775006	1495961	13054747	442508	3025660	3203593	34487429	39119420	15361211	12242764	8005149	8522030	44622533	75312285	19388883	40338086	35332792	246024322
vals_diff_sorted_window_exp (2^17) unique num	11	178	78.03448276	11	11	12	22	23	24	120	65	88	33	91	83	39	102	178	115	115	63	61	67	60	121	121	84	85	122	74	96	177
windows_exp (2^17) unique num min	2	87	34.03448276	11	11	6	5	5	5	3	38	24	2	13	17	33	52	2	81	84	35	40	44	33	82	81	47	65	30	49	2	87
windows_exp (2^17) unique num max	9	157	67.96551724	11	11	9	15	14	13	111	54	87	28	89	79	40	77	131	108	108	49	51	61	52	110	109	74	80	93	66	84	157
windows_exp (2^17) unique num avg	7.052	115.399	49.86565517	11	11	7.052	8.245	7.539	7.23	13.646	45.171	51.306	20.36	49.916	52.214	37.965	64.594	67.166	98.628	98.102	39.177	46.841	51.813	40.022	102.236	97.274	57.408	74.015	57.298	58.475	55.012	115.399
vals_diff_sorted_window (2^18) abs min	0	0	0	0	0	0	0	0	0	0	0	0	0	0	0	0	0	0	0	0	0	0	0	0	0	0	0	0	0	0	0	0
vals_diff_sorted_window (2^18) abs max	0.000195313	2.47798E+20	8.55249E+18	4273.5	4273.5	0.758915	200	200	200	1023	7.08E+06	1	0.000195313	1	1	319253	102007	2.48E+20	3.67E+11	3.67E+11	4.27E+07	22.4754	3.43E+12	5.42E+13	5.86E+15	5.86E+15	6.73E+09	25.2584	1.92E+17	4.94E+06	2.05E+16	60173.8
vals_diff_sorted_window (2^18) abs avg	0.000000000748792	28743900000000	993674501310	0.104175	0.104194	3.15E-06	0.000886358	0.000885473	0.000884199	0.000118121	52.7145	1.13E-05	7.49E-10	1.04E-05	9.66E-06	2.7535	0.727947	2.87E+13	4.33E+06	4.33E+06	110.999	8.12E-05	1.49E+07	5.33E+07	6.42E+09	6.42E+09	2428	3.60E-05	3.94E+10	51.8064	2.03E+10	0.0173386
vals_diff_sorted_window (2^18) abs std	0.0000000290165	4.75924E+16	1.64322E+15	15.2011	15.1539	0.000786954	0.386381	0.386394	0.386247	0.231679	9066.55	0.00203345	2.90E-08	0.0019607	0.00189918	449.639	110.768	4.76E+16	5.50E+08	5.50E+08	25026.5	0.0146084	2.62E+09	1.71E+10	2.42E+12	2.42E+12	1.42E+06	0.00865163	4.58E+13	7794.58	1.03E+13	9.44986
vals_diff_sorted_window (2^18) ctz avg	20.493	63.995	46.71358621	63.992	63.992	63.946	63.993	63.994	63.995	63.975	61.512	61.454	54.115	60.195	58.296	40.648	38.343	37.189	54.202	54.167	28.159	24.175	36.313	38.588	39.405	39.4	33.501	21.687	38.777	27.733	38.455	20.493
vals_diff_sorted_window (2^18) ctz avg corrected (- 18 - 6)	-3.507	39.995	22.71358621	39.992	39.992	39.946	39.993	39.994	39.995	39.975	37.512	37.454	30.115	36.195	34.296	16.648	14.343	13.189	30.202	30.167	4.159	0.175	12.313	14.588	15.405	15.4	9.501	-2.313	14.777	3.733	14.455	-3.507
vals_diff_sorted_window (2^18) ctz std	0.516	24.05	13.30062069	0.7	0.716	1.724	0.62	0.564	0.516	0.965	11.123	11.181	19.434	13.271	15.785	22.616	24.05	21.898	15.237	15.312	21.138	19.17	19.783	16.637	19.466	19.473	21.338	17.116	15.652	9.157	14.774	16.302
vals_diff_sorted_window (2^18) unique num	37	246105830	19539728.55	37	42	260	5458	9418	14073	31609	3096689	284778	181832	401345	594573	1221146	10313928	321289	2409505	2584268	33801153	37671228	11634854	9419542	6780835	7371585	44067572	73965375	14736757	33522143	26105004	246105830
vals_diff_sorted_window_exp (2^18) unique num	11	177	78.27586207	11	11	1.20E+01	24	23	24	120	65	89	3.10E+01	91	84	39	102	1.76E+02	1.15E+02	1.15E+02	6.40E+01	64	6.70E+01	6.00E+01	1.22E+02	1.22E+02	8.40E+01	86	1.21E+02	74	9.70E+01	177
windows_exp (2^18) unique num min	2	92	36.03448276	11	11	6.00E+00	6	6	5	3	4.20E+01	30	2.00E+00	21	19	33	55	2.00E+00	8.70E+01	8.40E+01	3.60E+01	40	4.80E+01	3.50E+01	8.20E+01	8.10E+01	5.00E+01	71	3.00E+01	55	2.00E+00	92
windows_exp (2^18) unique num max	9	160	69.13793103	11	11	9.00E+00	1.70E+01	1.50E+01	1.40E+01	112	56	87	2.60E+01	8.90E+01	7.80E+01	40	83	1.37E+02	1.09E+02	1.09E+02	5.00E+01	53	6.20E+01	5.20E+01	1.12E+02	1.12E+02	7.50E+01	81	9.40E+01	66	8.50E+01	160
windows_exp (2^18) unique num avg	7.282	119.672	52.41524138	11	11	7.28E+00	9.484	8.574	7.979	15.456	48.23	55.602	2.10E+01	54.203	54.745	37.816	68.863	7.04E+01	1.02E+02	1.01E+02	41.376	48.935	5.41E+01	4.24E+01	1.05E+02	1.02E+02	6.18E+01	75.938	6.48E+01	60.752	5.81E+01	119.672
vals_diff_sorted_window (2^19) abs min	0	0	0	0	0	0	0	0	0	0	0	0	0	0	0	0	0	0	0	0	0	0	0	0	0	0	0	0	0	0	0	0
vals_diff_sorted_window (2^19) abs max	0.00000038455	2.47798E+20	8.55249E+18	4273.5	4273.5	0.712255	200	200	200	775.083	7.08E+06	1	3.85E-07	1	1	319253	102007	2.48E+20	3.67E+11	3.67E+11	4.27E+07	22.4754	3.43E+12	5.42E+13	5.86E+15	5.86E+15	6.73E+09	23.8258	1.92E+17	4.94E+06	2.05E+16	60173.8
vals_diff_sorted_window (2^19) abs avg	0.000000000376511	26098400000000	902038958310	0.0521529	0.0522666	1.61E-06	0.000443179	0.000442736	0.000442545	9.45E-05	29.4442	5.70E-06	3.77E-10	5.31E-06	4.92E-06	1.39417	0.414319	2.61E+13	2.27E+06	2.27E+06	62.542	4.39E-05	9.42E+06	4.01E+07	4.67E+09	4.67E+09	1916.27	1.97E-05	3.42E+10	26.0535	1.71E+10	0.00925946
vals_diff_sorted_window (2^19) abs std	0.00000000230552	4.72133E+16	1.63007E+15	10.7558	10.7138	0.000514185	0.273151	0.273057	0.273101	0.188062	6808.14	0.00142911	2.31E-09	0.00137762	0.00134352	318.169	89.5078	4.72E+16	4.09E+08	4.09E+08	19317.4	0.0110033	2.24E+09	1.64E+10	2.22E+12	2.22E+12	1.36E+06	0.0063469	4.44E+13	5482.79	9.80E+12	7.77126
vals_diff_sorted_window (2^19) ctz avg	21.386	63.996	47.6107931	63.996	63.996	63.969	63.994	63.995	63.996	63.977	61.747	61.869	55.566	60.628	58.909	43.955	39.663	39.013	54.94	54.91	29.627	26.605	37.704	39.721	40.533	40.537	34.33	23.181	39.795	28.809	39.362	21.386
vals_diff_sorted_window (2^19) ctz avg corrected (- 19 - 6)	-3.614	38.996	22.6107931	38.996	38.996	38.969	38.994	38.995	38.996	38.977	36.747	36.869	30.566	35.628	33.909	18.955	14.663	14.013	29.94	29.91	4.627	1.605	12.704	14.721	15.533	15.537	9.33	-1.819	14.795	3.809	14.362	-3.614
vals_diff_sorted_window (2^19) ctz std	0.486	23.637	12.98355172	0.495	0.511	1.311	0.548	0.521	0.486	0.926	10.515	10.208	1.81E+01	12.48	14.931	22.014	23.637	2.19E+01	1.45E+01	1.46E+01	2.11E+01	20.028	1.97E+01	1.65E+01	1.93E+01	1.92E+01	2.10E+01	17.476	1.55E+01	8.547	1.45E+01	16.044
vals_diff_sorted_window (2^19) unique num	37	246162369	18378176	37	41	198	6109	9972	14538	31272	2823617	222218	1.34E+05	311231	461657	1025568	7937711	2.39E+05	1.93E+06	2.10E+06	3.27E+07	35663294	8.66E+06	7.11E+06	5.81E+06	6.47E+06	4.37E+07	71886159	1.11E+07	27305943	1.92E+07	246162369
vals_diff_sorted_window_exp (2^19) unique num	11	177	78.89655172	11	11	12	25	23	24	120	66	89	3.10E+01	91	86	39	102	1.76E+02	1.15E+02	1.15E+02	66	67	6.70E+01	6.00E+01	1.25E+02	1.25E+02	8.40E+01	86	1.22E+02	74	9.90E+01	177
windows_exp (2^19) unique num min	2	99	40.79310345	11	11	6	6	6	6	5	45	35	1.60E+01	31	19	33	60	5.00E+01	9.50E+01	9.40E+01	40	45	5.00E+01	3.60E+01	8.20E+01	8.10E+01	5.00E+01	74	3.80E+01	57	2.00E+00	99
windows_exp (2^19) unique num max	9	159	70.93103448	11	11	9	21	19	16	112	57	87	29	89	79	40	87	145	110	110	53	56	63	55	114	114	75	82	100	67	87	159
windows_exp (2^19) unique num avg	7.547	123.165	55.21224138	11	11	7.547	10.686	9.909	9.352	18.719	50.996	59.944	22.056	59.016	57.586	37.683	74.744	75.079	104.506	104.461	43.584	50.925	56.066	45.323	108.09	107.275	66.329	77.316	73.754	62.491	62.553	123.165
vals_diff_sorted_window (2^20) abs min	0	0	0	0	0	0	0	0	0	0	0	0	0	0	0	0	0	0	0	0	0	0	0	0	0	0	0	0	0	0	0	0
vals_diff_sorted_window (2^20) abs max	0.00000038455	2.47798E+20	8.55249E+18	4273.5	4273.5	0.655592	200	200	200	775.083	7.02E+06	1	3.85E-07	1	1	319253	102007	2.48E+20	3.67E+11	3.67E+11	4.27E+07	22.4754	3.43E+12	5.42E+13	5.86E+15	5.86E+15	6.73E+09	23.8258	1.92E+17	4.94E+06	2.05E+16	60173.8
vals_diff_sorted_window (2^20) abs avg	0.000000000190371	14365800000000	497063117233	0.0262017	0.0261333	8.24E-07	0.000222787	0.000221368	0.000221531	8.62E-05	15.7673	2.89E-06	1.90E-10	2.71E-06	2.52E-06	0.714591	0.235387	1.44E+13	1.20E+06	1.20E+06	35.6047	2.41E-05	5.24E+06	2.98E+07	3.34E+09	3.34E+09	1605.93	1.14E-05	2.75E+10	13.0819	1.48E+10	0.00527493
vals_diff_sorted_window (2^20) abs std	0.00000000132379	3.46176E+16	1.19562E+15	7.62286	7.56578	0.000335145	0.193643	0.193053	0.193142	0.18522	4899.04	0.00100758	1.32E-09	0.000971785	0.000956832	227.366	71.7383	3.46E+16	3.09E+08	3.09E+08	14971	0.00849241	1.73E+09	1.58E+10	1.95E+12	1.95E+12	1.35E+06	0.00536349	4.20E+13	3841.23	9.53E+12	7.01681
vals_diff_sorted_window (2^20) ctz avg	22.28	63.998	48.56937931	63.998	63.998	63.982	63.995	63.996	63.996	63.978	61.998	62.122	5.65E+01	60.915	59.389	46.375	41.543	4.14E+01	5.58E+01	5.57E+01	31.421	28.966	4.01E+01	4.09E+01	4.19E+01	4.19E+01	3.52E+01	25.084	4.13E+01	29.639	4.03E+01	22.28
vals_diff_sorted_window (2^20) ctz avg corrected (- 20 - 6)	-3.72	37.998	22.56937931	37.998	37.998	37.982	37.995	37.996	37.996	37.978	35.998	36.122	3.05E+01	34.915	33.389	20.375	15.543	1.54E+01	2.98E+01	2.97E+01	5.421	2.966	1.41E+01	1.49E+01	1.59E+01	1.59E+01	9.19E+00	-0.916	1.53E+01	3.639	1.43E+01	-3.72
vals_diff_sorted_window (2^20) ctz std	0.352	23.199	12.72141379	0.352	0.363	0.98	0.496	0.461	0.444	0.907	9.849	9.551	1.71E+01	11.915	14.214	21.197	23.199	2.19E+01	1.38E+01	1.39E+01	21.25	20.641	1.97E+01	1.63E+01	1.91E+01	1.90E+01	2.06E+01	18.144	1.55E+01	8.071	1.43E+01	15.773
vals_diff_sorted_window (2^20) unique num	37	246104507	17391779.59	37	39	154	4929	11364	15850	31170	2369330	169764	9.62E+04	235002	349409	884983	5974705	1.79E+05	1.52E+06	1.68E+06	30928514	34039061	6.30E+06	5.31E+06	4.92E+06	5.60E+06	4.32E+07	69090960	8.22E+06	23264038	1.38E+07	246104507
vals_diff_sorted_window_exp (2^20) unique num	11	179	79.24137931	11	11	12	25	24	25	120	65	90	31	93	86	39	102	177	115	115	66	67	68	60	125	125	84	86	124	74	99	179
windows_exp (2^20) unique num min	2	103	42.10344828	11	11	6	6	6	6	5	46	40	16	33	19	34	63	54	98	97	42	45	50	39	82	81	50	75	40	61	2	103
windows_exp (2^20) unique num max	9	162	73.24137931	11	11	9	22	21	20	112	59	89	28	90	80	40	95	162	112	112	54	58	64	53	117	117	79	83	106	68	93	159
windows_exp (2^20) unique num avg	7.789	126.03	57.86389655	11	11	7.789	11.624	11.265	10.556	24.544	53.223	64.603	22.6	63.81	60.856	37.627	81.695	79.667	106.279	106.254	45.467	52.809	57.541	48.387	110.905	110.643	70.44	78.419	80.984	64.16	67.876	126.03
vals_diff_sorted_window (2^21) abs min	0	0	0	0	0	0	0	0	0	0	0	0	0	0	0	0	0	0	0	0	0	0	0	0	0	0	0	0	0	0	0	0
vals_diff_sorted_window (2^21) abs max	0.00000038455	2.47798E+20	8.55249E+18	4273.5	4273.5	0.601144	200	200	200	768	7.02E+06	1	3.85E-07	1	1	319253	102007	2.48E+20	3.67E+11	3.67E+11	4.27E+07	22.4754	3.43E+12	5.42E+13	5.86E+15	5.86E+15	6.73E+09	23.8258	1.92E+17	4.94E+06	2.05E+16	60173.8
vals_diff_sorted_window (2^21) abs avg	0	14294800000000	494130439717	0.0132261	0.0133132	4.24E-07	0.000112591	0.000111189	0.000110766	6.31E-05	8.17504	1.47E-06	9.73E-11	1.38E-06	1.28E-06	0.37413	0.133131	1.43E+13	6.24E+05	6.24E+05	21.1018	1.37E-05	2.81E+06	2.12E+07	2.27E+09	2.27E+09	1.21E+03	6.43E-06	1.90E+10	6.59574	1.15E+10	0.00326576
vals_diff_sorted_window (2^21) abs std	0.00000000114208	3.46173E+16	1.1954E+15	5.41511	5.38963	0.00021636	0.137625	0.136821	0.136567	0.151512	3525.02	0.00071301	1.14E-09	0.000685831	0.000675834	167.213	56.5133	3.46E+16	2.26E+08	2.26E+08	12084.8	0.00697972	1.29E+09	1.54E+10	1.72E+12	1.72E+12	1.27E+06	0.00453415	3.70E+13	2670.33	8.74E+12	6.61356
vals_diff_sorted_window (2^21) ctz avg	23.149	63.999	49.83431034	63.999	63.999	63.99	63.996	63.997	63.997	63.978	62.334	62.331	5.72E+01	61.117	59.808	48.401	44.709	4.41E+01	5.74E+01	5.74E+01	33.62	30.492	4.39E+01	4.22E+01	4.46E+01	4.46E+01	3.64E+01	26.778	4.48E+01	30.346	4.17E+01	23.149
vals_diff_sorted_window (2^21) ctz avg corrected (- 21 - 6)	-3.851	36.999	22.83431034	36.999	36.999	36.99	36.996	36.997	36.997	36.978	35.334	35.331	3.02E+01	34.117	32.808	21.401	17.709	1.71E+01	3.04E+01	3.04E+01	6.62	3.492	1.69E+01	1.52E+01	1.76E+01	1.76E+01	9.354	-0.222	1.78E+01	3.346	1.47E+01	-3.851
vals_diff_sorted_window (2^21) ctz std	0.251	22.549	12.42472414	0.251	0.26	0.73	0.458	0.419	0.394	0.895	8.945	8.969	16.272	11.488	13.55	20.299	22.549	21.657	12.494	12.547	21.463	20.659	19.724	16.215	18.858	18.836	20.344	18.525	16.024	7.694	14.312	15.486
vals_diff_sorted_window (2^21) unique num	37	246077283	16578498	37	39	117	4026	9118	13152	31167	1950722	127820	69375	175112	258737	769823	4434073	139845	1176690	1316834	28458691	33136647	4569704	3883601	4014451	4622077	42218042	66911268	6036242	20541657	9830092	246077283
vals_diff_sorted_window_exp (2^21) unique num	11	179	79.34482759	11	11	12	25	25	26	120	65	89	32	93	86	39	104	177	115	115	65	67	69	60	125	125	84	86	123	74	99	179
windows_exp (2^21) unique num min	2	104	44.89655172	11	11	7	6	6	6	7	50	45	16	41	19	35	63	57	103	103	44	45	50	41	102	98	50	77	41	62	2	104
windows_exp (2^21) unique num max	9	166	74.37931034	11	11	9	22	22	23	112	62	89	27	88	80	40	98	166	114	114	61	57	65	57	119	119	80	83	107	69	93	159
windows_exp (2^21) unique num avg	7.958	129.052	60.34865517	11	11	7.958	12.255	12.136	11.729	33.069	55.25	69.031	23.261	68.238	63.94	37.654	87.7	87.846	107.426	107.426	47.783	54.458	58.871	50.677	113.976	113.81	73.395	79.163	84.656	65.566	71.785	129.052
vals_diff_sorted_window (2^22) abs min	0	0	0	0	0	0	0	0	0	0	0	0	0.00E+00	0	0	0	0	0.00E+00	0.00E+00	0.00E+00	0	0	0.00E+00	0.00E+00	0.00E+00	0.00E+00	0.00E+00	0	0.00E+00	0	0.00E+00	0
vals_diff_sorted_window (2^22) abs max	0.00000038455	2.47798E+20	8.55249E+18	4273.5	4273.5	0.490033	200	200	200	768	7.02E+06	1	3.85E-07	1	1	319253	102007	2.48E+20	3.67E+11	3.67E+11	4.27E+07	22.4754	3.43E+12	5.42E+13	5.86E+15	5.86E+15	6.73E+09	23.8258	1.92E+17	4.94E+06	2.05E+16	60173.8
vals_diff_sorted_window (2^22) abs avg	0	13398600000000	462857177777	0.00673826	0.00690313	2.17E-07	5.75E-05	5.56E-05	5.54E-05	5.75E-05	4.29779	7.37E-07	5.08E-11	7.12E-07	6.56E-07	0.196915	0.0718416	1.34E+13	3.28E+05	3.28E+05	12.5695	7.37E-06	1.60E+06	1.26E+07	1.38E+09	1.38E+09	8.78E+02	3.83E-06	1.52E+10	3.3543	6.33E+09	0.00236876
vals_diff_sorted_window (2^22) abs std	0.00000000109132	3.45196E+16	1.19184E+15	3.86368	3.86966	0.000136583	0.0983469	0.096711	0.0965489	0.14918	2547.88	0.000500159	1.09E-09	0.000489706	0.000478315	122.774	42.7556	3.45E+16	1.66E+08	1.66E+08	10114.8	0.00499129	1.04E+09	1.19E+10	1.40E+12	1.40E+12	1.17E+06	0.00391233	3.45E+13	1839.16	6.41E+12	6.45759
vals_diff_sorted_window (2^22) ctz avg	23.988	63.999	51.05234483	63.999	63.999	63.995	63.996	63.997	63.997	63.978	62.546	62.526	57.76	61.289	60.173	50.219	46.763	46.77	58.714	58.699	35.903	31.583	46.064	44.675	47.889	47.902	37.501	28.003	47.287	30.989	45.314	23.988
vals_diff_sorted_window (2^22) ctz avg corrected (- 22 - 6)	-4.012	35.999	23.05234483	35.999	35.999	35.995	35.996	35.997	35.997	35.978	34.546	34.526	29.76	33.289	32.173	22.219	18.763	18.77	30.714	30.699	7.903	3.583	18.064	16.675	19.889	19.902	9.501	0.003	19.287	2.989	17.314	-4.012
vals_diff_sorted_window (2^22) ctz std	0.18	21.806	12.08441379	0.18	0.188	0.541	0.43	0.391	0.363	0.887	8.304	8.405	15.531	11.109	12.943	19.364	21.806	21.125	11.238	11.281	21.575	20.434	19.283	16.345	18.301	18.279	20.08	18.498	15.918	7.399	15.062	15.188
vals_diff_sorted_window (2^22) unique num	37	246085686	15942634.62	37	38	93	4117	8652	14427	31085	1607496	93973	50695	128769	187974	684022	3286275	110035	923251	1043255	25530882	32706099	3273075	2859283	3221728	3764956	41060367	65593323	4432308	18622210	7012293	246085686
vals_diff_sorted_window_exp (2^22) unique num	11	179	79.48275862	11	11	11	24	25	26	120	65	88	38	93	86	39	104	177	112	112	65	68	69	60	126	126	84	86	124	74	102	179
windows_exp (2^22) unique num min	6	107	50	11	11	7	6	6	6	7	53	53	16	43	23	36	81	58	103	103	44	54	50	46	105	104	71	78	43	65	60	107
windows_exp (2^22) unique num max	9	172	74.89655172	11	11	9	21	23	24	113	62	86	3.30E+01	88	79	40	100	1.72E+02	1.12E+02	1.12E+02	62	59	6.60E+01	5.70E+01	1.21E+02	1.21E+02	8.10E+01	83	1.11E+02	69	8.70E+01	159
windows_exp (2^22) unique num avg	8.25	132.794	62.93696552	11	11	8.25	12.792	12.836	12.561	45.533	57.214	72	2.44E+01	72.25	66.774	37.615	93.6	9.85E+01	1.08E+02	1.08E+02	50.333	56.833	5.99E+01	5.26E+01	1.16E+02	1.16E+02	7.64E+01	79.773	8.82E+01	67.074	7.55E+01	132.794
vals_diff_sorted_window (2^23) abs min	0	0	0	0	0	0.00E+00	0	0	0	0	0	0	0.00E+00	0	0	0	0	0.00E+00	0.00E+00	0.00E+00	0	0	0.00E+00	0.00E+00	0.00E+00	0.00E+00	0.00E+00	0	0.00E+00	0	0.00E+00	0
vals_diff_sorted_window (2^23) abs max	0.00000000498	2.47798E+20	8.55249E+18	4273.5	4273.5	0.398929	200	200	200	768	7.02E+06	1	4.98E-09	1	1	319253	102007	2.48E+20	3.67E+11	3.67E+11	4.27E+07	22.4754	3.43E+12	5.42E+13	5.86E+15	5.86E+15	6.73E+09	23.8258	1.92E+17	4.94E+06	2.05E+16	60173.8
vals_diff_sorted_window (2^23) abs avg	0	13057900000000	450797227853	0.00343472	0.00345157	1.09E-07	2.87E-05	2.83E-05	2.80E-05	5.22E-05	2.34344	3.68E-07	2.54E-11	3.61E-07	3.36E-07	0.114748	0.0417116	1.31E+13	175245	175245	7.95723	4.82E-06	921484	8.79E+06	8.75E+08	8.75E+08	749.142	2.55E-06	9.89E+09	1.74299	3.57E+09	0.00179467
vals_diff_sorted_window (2^23) abs std	0.000000000118569	3.45143E+16	1.19126E+15	2.75956	2.72835	8.90E-05	0.0694946	0.0690052	0.0685895	0.146788	1920.18	0.000352431	1.19E-10	0.000346911	0.000337984	98.6499	34.2429	3.45E+16	1.24E+08	1.24E+08	8406.42	0.00441144	8.27E+08	1.16E+10	1.15E+12	1.15E+12	1.16E+06	0.00365546	2.52E+13	1277.78	4.76E+12	6.32102
vals_diff_sorted_window (2^23) ctz avg	24.883	64	51.98906897	64	64	63.997	63.997	63.997	63.998	63.978	62.675	62.667	58.444	61.448	60.501	51.934	48.548	49.056	59.459	59.448	38.26	32.444	47.315	47.257	49.703	49.715	38.355	28.991	48.755	31.578	48.28	24.883
vals_diff_sorted_window (2^23) ctz avg corrected (- 23 - 6)	-4.117	35	22.98906897	35	35	34.997	34.997	34.997	34.998	34.978	33.675	33.667	29.444	32.448	31.501	22.934	19.548	20.056	30.459	30.448	9.26	3.444	18.315	18.257	20.703	20.715	9.355	-0.009	19.755	2.578	19.28	-4.117
vals_diff_sorted_window (2^23) ctz std	0.128	21.593	11.70465517	0.128	0.133	0.394	0.4	0.37	0.341	0.881	7.864	7.969	14.686	10.741	12.367	18.381	20.991	20.343	10.36	10.396	21.593	20.09	18.806	16.227	17.65	17.628	19.719	18.281	15.546	7.158	15.037	14.955
vals_diff_sorted_window (2^23) unique num	37	245608658	15447928.69	37	38	74	3006	7570	12624	30954	1256995	70216	37968	91655	133433	619415	2484224	87212	731138	837193	22504613	32529358	2323727	2058787	2623266	3101067	40164849	65162417	3238523	17256041	5014874	245608658
vals_diff_sorted_window_exp (2^23) unique num	11	179	79.37931034	11	11	1.10E+01	24	25	26	120	65	87	3.40E+01	92	86	39	104	1.77E+02	1.12E+02	1.12E+02	64	67	6.90E+01	6.10E+01	1.26E+02	1.26E+02	8.40E+01	87	1.25E+02	75	1.03E+02	179
windows_exp (2^23) unique num min	6	113	53.86206897	11	11	8.00E+00	6	6	6	22	54	61	2.40E+01	68	25	36	81	6.30E+01	1.03E+02	1.03E+02	49	58	5.50E+01	5.00E+01	1.13E+02	1.13E+02	7.40E+01	79	4.60E+01	66	6.00E+01	111
windows_exp (2^23) unique num max	9	175	76.31034483	11	11	9.00E+00	2.20E+01	2.40E+01	2.40E+01	114	63	86	3.10E+01	8.80E+01	7.90E+01	40	103	1.75E+02	1.12E+02	1.12E+02	63	62	7.00E+01	5.80E+01	1.23E+02	1.23E+02	8.20E+01	86	1.16E+02	70	9.70E+01	159
windows_exp (2^23) unique num avg	8.5	138.118	65.85886207	11	11	8.50E+00	13.583	13.286	13.185	60.875	59.429	74.75	2.70E+01	76.75	70.31	37.714	96.375	1.11E+02	1.09E+02	1.09E+02	53.667	60.5	6.19E+01	5.45E+01	1.19E+02	1.19E+02	78.7	80.818	9.37E+01	68.214	7.91E+01	138.118
vals_diff_sorted_window (2^24) abs min	0	0	0	0	0	0	0	0	0	0	0	0	0	0	0	0	0	0	0	0	0	0	0	0	0	0	0	0	0	0	0	0
vals_diff_sorted_window (2^24) abs max	0.0000000021	2.47798E+20	8.55249E+18	4273.5	4273.5	0.344481	200	200	200	768	7.02E+06	1	2.10E-09	1	1	319253	102007	2.48E+20	3.67E+11	3.67E+11	4.27E+07	22.4754	3.43E+12	5.42E+13	5.86E+15	5.86E+15	6.73E+09	23.8258	1.92E+17	4.94E+06	2.05E+16	60173.8
vals_diff_sorted_window (2^24) abs avg	0	13057800000000	450635455942	0.00190818	0.00197232	5.52E-08	1.44E-05	1.42E-05	1.40E-05	4.49E-05	1.29487	1.84E-07	1.27E-11	1.81E-07	1.71E-07	0.0735333	0.0237441	1.31E+13	91426.2	91426.2	4.36929	2.67E-06	536896	6.46E+06	6.24E+08	6.24E+08	540.065	1.63E-06	7.13E+09	0.928399	2.24E+09	0.00150291
vals_diff_sorted_window (2^24) abs std	0	3.45143E+16	1.19112E+15	2.05621	2.04893	5.90E-05	0.0490798	0.048766	0.0484633	0.144644	1421.72	0.000248382	6.14E-11	0.00024453	0.000238802	86.2085	27.5594	3.45E+16	9.11E+07	9.11E+07	6776.84	0.00345218	6.63E+08	1.13E+10	1.05E+12	1.05E+12	1.10E+06	0.0033074	2.23E+13	889.028	3.77E+12	6.26695
vals_diff_sorted_window (2^24) ctz avg	25.777	64	52.81475862	64	64	63.999	63.998	63.998	63.998	63.979	62.813	62.77	59.285	61.625	60.887	53.583	50.687	51.211	59.918	59.909	41.029	34.134	48.183	48.872	50.811	50.824	39.377	30.175	49.719	32.102	49.965	25.777
vals_diff_sorted_window (2^24) ctz avg corrected (- 24 - 6)	-4.223	34	22.81475862	34	34	33.999	33.998	33.998	33.998	33.979	32.813	32.77	29.285	31.625	30.887	23.583	20.687	21.211	29.918	29.909	11.029	4.134	18.183	18.872	20.811	20.824	9.377	0.175	19.719	2.102	19.965	-4.223
vals_diff_sorted_window (2^24) ctz std	0.096	21.468	11.30951724	0.096	0.101	0.286	0.337	0.34	0.323	0.877	7.386	7.63	1.36E+01	10.336	11.664	17.313	19.887	1.94E+01	9.72E+00	9.75E+00	21.468	20.128	1.83E+01	1.58E+01	1.71E+01	1.71E+01	1.94E+01	18.244	1.51E+01	6.946	1.46E+01	14.722
vals_diff_sorted_window (2^24) unique num	36	245133219	14894094.76	36	38	64	2351	5899	11738	30865	925745	52945	2.63E+04	65075	89321	535477	1810169	7.08E+04	5.76E+05	6.74E+05	19113635	30987128	1.60E+06	1.48E+06	2.14E+06	2.55E+06	3.86E+07	63440570	2.33E+06	16171596	3.53E+06	245133219
vals_diff_sorted_window_exp (2^24) unique num	11	179	79.37931034	11	11	11	2.30E+01	2.40E+01	2.60E+01	120	64	8.50E+01	3.40E+01	9.10E+01	8.60E+01	39	105	1.77E+02	1.12E+02	1.12E+02	62	68	7.00E+01	6.10E+01	1.26E+02	1.26E+02	8.40E+01	88	1.26E+02	75	1.06E+02	179
windows_exp (2^24) unique num min	6	117	59.48275862	11	11	8	6	6	6	86	56	67	2.80E+01	69	25	36	98	8.50E+01	1.08E+02	1.08E+02	49	63	5.80E+01	5.40E+01	1.13E+02	1.13E+02	79	79	4.90E+01	65	7.20E+01	117
windows_exp (2^24) unique num max	9	175	77	11	11	9	24	23	24	114	63	86	34	87	79	40	105	175	112	112	62	64	71	59	124	124	82	86	121	70	100	161
windows_exp (2^24) unique num avg	8.333	145.176	69.72586207	11	11	8.333	14.333	13.786	14.259	97	61.286	80	30.667	78.375	71.476	38.25	101.75	129.5	110.625	110.625	53.667	63.333	64.25	56.5	120.833	120.833	80.4	82	101.25	68.143	83.4	145.176
vals_diff_sorted_window best ctz avg corrected (- 24 - 6)	0	50.218	27.47210345	47.07	46.351	46.786	50.214	50.217	50.218	48.416	39.307	38.145	34.885	36.463	34.482	23.583	20.687	21.211	30.714	30.699	11.029	4.134	18.315	18.872	20.811	20.824	9.554	0.175	19.755	3.809	19.965	0
vals_diff_sorted_window best windows size	0	24	16.89655172	9	10	9	6	6	6	8	14	16	6	17	17	24	24	24	22	22	24	24	23	24	24	24	17	24	23	19	24	0
vals_diff_sorted_window best ctz group size	1	1	1	1	1	1	1	1	1	1	1	1	1	1	1	1	1	1	1	1	1	1	1	1	1	1	1	1	1	1	1	1