/home/users/dgal/Data/graphs/tamu/matrices/cop20k_A/cop20k_A.mtx,16,121192,121192,2624331,1.013089,10.781344,30.495399,0.000000,0.000000,CSR_CVS,121192,121192,2624331,28.748844,0.942727,64,23.54,0.27,2.0585,21.9411,3.0000
/home/users/dgal/Data/graphs/tamu/matrices/cop20k_A/cop20k_A.mtx,16,121192,121192,2624331,1.042733,11.773506,30.495399,0.000000,0.000000,CSR_CVS,121192,121192,2624331,27.134247,0.889782,128,17.37,0.81,2.7395,21.2605,3.0000
/home/users/dgal/Data/graphs/tamu/matrices/cop20k_A/cop20k_A.mtx,16,121192,121192,2624331,1.043896,12.454248,30.495399,0.000000,0.000000,CSR_CVS,121192,121192,2624331,25.888361,0.848927,256,16.08,1.37,3.6499,20.3501,3.0000
/home/users/dgal/Data/graphs/tamu/matrices/cop20k_A/cop20k_A.mtx,16,121192,121192,2624331,0.963197,13.802850,30.495399,0.000000,0.000000,CSR_CVS,121192,121192,2624331,24.949133,0.818128,512,6.90,2.06,4.6368,19.3632,3.0000
/home/users/dgal/Data/graphs/tamu/matrices/cop20k_A/cop20k_A.mtx,16,121192,121192,2624331,1.037649,14.350189,30.495399,0.000000,0.000000,CSR_CVS,121192,121192,2624331,24.279459,0.796168,1024,4.81,2.82,5.6271,18.3729,3.0000
/home/users/dgal/Data/graphs/tamu/matrices/cop20k_A/cop20k_A.mtx,16,121192,121192,2624331,1.038741,14.789854,30.495399,0.000000,0.000000,CSR_CVS,121192,121192,2624331,23.778212,0.779731,2048,3.71,3.32,6.6014,17.3986,3.0000
/home/users/dgal/Data/graphs/tamu/matrices/cop20k_A/cop20k_A.mtx,16,121192,121192,2624331,1.033425,14.698330,30.495399,0.000000,0.000000,CSR_CVS,121192,121192,2624331,25.005023,0.819961,4096,6.88,3.91,7.5373,21.4551,3.6240
/home/users/dgal/Data/graphs/tamu/matrices/cop20k_A/cop20k_A.mtx,16,121192,121192,2624331,1.034556,15.235257,30.495399,0.000000,0.000000,CSR_CVS,121192,121192,2624331,25.683280,0.842202,8192,4.74,2.87,7.9057,23.8552,3.9701
/home/users/dgal/Data/graphs/tamu/matrices/cop20k_A/cop20k_A.mtx,16,121192,121192,2624331,1.025011,14.865072,30.495399,0.000000,0.000000,CSR_CVS,121192,121192,2624331,25.631557,0.840506,16384,6.07,2.97,7.9527,23.8085,3.9701
/home/users/dgal/Data/graphs/tamu/matrices/cop20k_A/cop20k_A.mtx,16,121192,121192,2624331,1.024782,15.442029,30.495399,0.000000,0.000000,CSR_CVS,121192,121192,2624331,25.631557,0.840506,32768,5.14,2.97,7.9527,23.8085,3.9701
/home/users/dgal/Data/graphs/tamu/matrices/cop20k_A/cop20k_A.mtx,16,121192,121192,2624331,1.027851,15.401034,30.495399,0.000000,0.000000,CSR_CVS,121192,121192,2624331,25.631557,0.840506,65536,5.19,2.97,7.9527,23.8085,3.9701
/home/users/dgal/Data/graphs/tamu/matrices/cop20k_A/cop20k_A.mtx,16,121192,121192,2624331,1.036185,15.246762,30.495399,0.000000,0.000000,CSR_CVS,121192,121192,2624331,25.631557,0.840506,131072,5.20,2.97,7.9527,23.8085,3.9701
/home/users/dgal/Data/graphs/tamu/matrices/cop20k_A/cop20k_A.mtx,16,121192,121192,2624331,1.031922,15.335192,30.495399,0.000000,0.000000,CSR_CVS,121192,121192,2624331,25.631557,0.840506,262144,5.24,2.97,7.9527,23.8085,3.9701
/home/users/dgal/Data/graphs/tamu/matrices/cop20k_A/cop20k_A.mtx,16,121192,121192,2624331,1.030595,14.998430,30.495399,0.000000,0.000000,CSR_CVS,121192,121192,2624331,25.631557,0.840506,524288,6.20,2.97,7.9527,23.8085,3.9701
/home/users/dgal/Data/graphs/tamu/matrices/cop20k_A/cop20k_A.mtx,16,121192,121192,2624331,1.025686,14.957643,30.495399,0.000000,0.000000,CSR_CVS,121192,121192,2624331,25.631557,0.840506,1048576,4.92,2.97,7.9527,23.8085,3.9701
/home/users/dgal/Data/graphs/tamu/matrices/cop20k_A/cop20k_A.mtx,16,121192,121192,2624331,1.021586,15.284832,30.495399,0.000000,0.000000,CSR_CVS,121192,121192,2624331,25.631557,0.840506,2097152,5.42,2.97,7.9527,23.8085,3.9701
/home/users/dgal/Data/graphs/tamu/matrices/cop20k_A/cop20k_A.mtx,16,121192,121192,2624331,1.043361,15.016138,30.495399,0.000000,0.000000,CSR_CVS,121192,121192,2624331,25.631557,0.840506,4194304,4.99,2.97,7.9527,23.8085,3.9701
/home/users/dgal/Data/graphs/tamu/matrices/cop20k_A/cop20k_A.mtx,16,121192,121192,2624331,1.033827,15.240929,30.495399,0.000000,0.000000,CSR_CVS,121192,121192,2624331,25.631557,0.840506,8388608,5.12,2.97,7.9527,23.8085,3.9701
/home/users/dgal/Data/graphs/tamu/matrices/cop20k_A/cop20k_A.mtx,16,121192,121192,2624331,1.030935,15.237862,30.495399,0.000000,0.000000,CSR_CVS,121192,121192,2624331,25.631557,0.840506,16777216,5.49,2.97,7.9527,23.8085,3.9701
/home/users/dgal/Data/graphs/tamu/matrices/ASIC_680k/ASIC_680k.mtx,16,682862,682862,3871773,1.017350,12.330610,46.913841,0.000000,0.000000,CSR_CVS,682862,682862,3871773,24.398458,0.520070,64,22.27,30.42,3.3670,17.4699,2.6046
/home/users/dgal/Data/graphs/tamu/matrices/ASIC_680k/ASIC_680k.mtx,16,682862,682862,3871773,1.019672,12.173431,46.913841,0.000000,0.000000,CSR_CVS,682862,682862,3871773,22.219426,0.473622,128,29.25,29.42,4.6227,18.2448,2.8584
/home/users/dgal/Data/graphs/tamu/matrices/ASIC_680k/ASIC_680k.mtx,16,682862,682862,3871773,1.024742,11.259310,46.913841,0.000000,0.000000,CSR_CVS,682862,682862,3871773,21.242185,0.452791,256,37.31,29.64,5.7126,19.5449,3.1572
/home/users/dgal/Data/graphs/tamu/matrices/ASIC_680k/ASIC_680k.mtx,16,682862,682862,3871773,1.018352,11.550469,46.913841,0.000000,0.000000,CSR_CVS,682862,682862,3871773,21.365890,0.455428,512,35.96,23.75,6.3755,22.3190,3.5868
/home/users/dgal/Data/graphs/tamu/matrices/ASIC_680k/ASIC_680k.mtx,16,682862,682862,3871773,1.007596,12.488401,46.913841,0.000000,0.000000,CSR_CVS,682862,682862,3871773,20.458637,0.436090,1024,29.36,21.69,6.6159,22.6026,3.6523
/home/users/dgal/Data/graphs/tamu/matrices/ASIC_680k/ASIC_680k.mtx,16,682862,682862,3871773,1.010607,13.225084,46.913841,0.000000,0.000000,CSR_CVS,682862,682862,3871773,19.796689,0.421980,2048,25.31,19.64,7.0889,23.0769,3.7707
/home/users/dgal/Data/graphs/tamu/matrices/ASIC_680k/ASIC_680k.mtx,16,682862,682862,3871773,1.006111,13.515081,46.913841,0.000000,0.000000,CSR_CVS,682862,682862,3871773,19.413260,0.413807,4096,22.62,17.90,7.4715,23.4548,3.8658
/home/users/dgal/Data/graphs/tamu/matrices/ASIC_680k/ASIC_680k.mtx,16,682862,682862,3871773,1.007588,13.648966,46.913841,0.000000,0.000000,CSR_CVS,682862,682862,3871773,19.408540,0.413706,8192,21.44,17.93,7.7224,23.7080,3.9288
/home/users/dgal/Data/graphs/tamu/matrices/ASIC_680k/ASIC_680k.mtx,16,682862,682862,3871773,1.033369,13.390876,46.913841,0.000000,0.000000,CSR_CVS,682862,682862,3871773,19.449472,0.414579,16384,22.98,17.68,7.8552,23.8435,3.9623
/home/users/dgal/Data/graphs/tamu/matrices/ASIC_680k/ASIC_680k.mtx,16,682862,682862,3871773,1.009474,13.738531,46.913841,0.000000,0.000000,CSR_CVS,682862,682862,3871773,19.786494,0.421762,32768,19.71,15.67,7.9218,23.9366,3.9823
/home/users/dgal/Data/graphs/tamu/matrices/ASIC_680k/ASIC_680k.mtx,16,682862,682862,3871773,1.012408,13.645177,46.913841,0.000000,0.000000,CSR_CVS,682862,682862,3871773,19.995126,0.426210,65536,20.46,22.48,7.9570,23.9659,3.9904
/home/users/dgal/Data/graphs/tamu/matrices/ASIC_680k/ASIC_680k.mtx,16,682862,682862,3871773,1.015138,13.570334,46.913841,0.000000,0.000000,CSR_CVS,682862,682862,3871773,20.119933,0.428870,131072,22.68,21.52,7.9747,23.9718,3.9933
/home/users/dgal/Data/graphs/tamu/matrices/ASIC_680k/ASIC_680k.mtx,16,682862,682862,3871773,1.012344,13.607798,46.913841,0.000000,0.000000,CSR_CVS,682862,682862,3871773,20.103819,0.428526,262144,20.10,21.59,7.9836,23.9747,3.9948
/home/users/dgal/Data/graphs/tamu/matrices/ASIC_680k/ASIC_680k.mtx,16,682862,682862,3871773,1.012384,13.492518,46.913841,0.000000,0.000000,CSR_CVS,682862,682862,3871773,20.073154,0.427873,524288,19.23,21.64,7.9896,23.9747,3.9955
/home/users/dgal/Data/graphs/tamu/matrices/ASIC_680k/ASIC_680k.mtx,16,682862,682862,3871773,1.015084,13.449010,46.913841,0.000000,0.000000,CSR_CVS,682862,682862,3871773,20.073154,0.427873,1048576,23.47,21.64,7.9896,23.9747,3.9955
/home/users/dgal/Data/graphs/tamu/matrices/ASIC_680k/ASIC_680k.mtx,16,682862,682862,3871773,1.008240,13.693910,46.913841,0.000000,0.000000,CSR_CVS,682862,682862,3871773,20.073154,0.427873,2097152,19.81,21.64,7.9896,23.9747,3.9955
/home/users/dgal/Data/graphs/tamu/matrices/ASIC_680k/ASIC_680k.mtx,16,682862,682862,3871773,1.010868,13.528081,46.913841,0.000000,0.000000,CSR_CVS,682862,682862,3871773,20.073154,0.427873,4194304,22.27,21.64,7.9896,23.9747,3.9955
/home/users/dgal/Data/graphs/tamu/matrices/ASIC_680k/ASIC_680k.mtx,16,682862,682862,3871773,1.022656,13.516016,46.913841,0.000000,0.000000,CSR_CVS,682862,682862,3871773,20.073154,0.427873,8388608,22.87,21.64,7.9896,23.9747,3.9955
/home/users/dgal/Data/graphs/tamu/matrices/ASIC_680k/ASIC_680k.mtx,16,682862,682862,3871773,1.016620,13.603873,46.913841,0.000000,0.000000,CSR_CVS,682862,682862,3871773,20.073154,0.427873,16777216,18.24,21.64,7.9896,23.9747,3.9955
/home/users/dgal/Data/graphs/tamu/matrices/radiation/radiation.mtx,16,223104,223104,7637688,1.023206,11.510209,88.257481,0.000000,0.000000,CSR_CVS,223104,223104,7637688,69.952925,0.792601,64,6.65,20.95,1.8698,22.1032,2.9966
/home/users/dgal/Data/graphs/tamu/matrices/radiation/radiation.mtx,16,223104,223104,7637688,1.036341,11.172708,88.257481,0.000000,0.000000,CSR_CVS,223104,223104,7637688,66.521070,0.753716,128,13.12,22.54,2.6940,21.2933,2.9984
/home/users/dgal/Data/graphs/tamu/matrices/radiation/radiation.mtx,16,223104,223104,7637688,1.043622,11.138670,88.257481,0.000000,0.000000,CSR_CVS,223104,223104,7637688,64.217133,0.727611,256,10.68,23.40,3.6341,20.3578,2.9990
/home/users/dgal/Data/graphs/tamu/matrices/radiation/radiation.mtx,16,223104,223104,7637688,1.064226,11.611989,88.257481,0.000000,0.000000,CSR_CVS,223104,223104,7637688,62.553902,0.708766,512,7.93,23.91,4.5859,19.4098,2.9995
/home/users/dgal/Data/graphs/tamu/matrices/radiation/radiation.mtx,16,223104,223104,7637688,1.071415,12.375251,88.257481,0.000000,0.000000,CSR_CVS,223104,223104,7637688,61.319755,0.694783,1024,8.50,24.03,5.5490,18.4971,3.0058
/home/users/dgal/Data/graphs/tamu/matrices/radiation/radiation.mtx,16,223104,223104,7637688,1.051450,13.627183,88.257481,0.000000,0.000000,CSR_CVS,223104,223104,7637688,63.569927,0.720278,2048,5.55,28.51,6.9447,20.6707,3.4519
/home/users/dgal/Data/graphs/tamu/matrices/radiation/radiation.mtx,16,223104,223104,7637688,1.018491,14.908062,88.257481,0.000000,0.000000,CSR_CVS,223104,223104,7637688,66.462217,0.753049,4096,2.50,22.04,7.9936,23.7507,3.9680
/home/users/dgal/Data/graphs/tamu/matrices/radiation/radiation.mtx,16,223104,223104,7637688,1.014269,15.376753,88.257481,0.000000,0.000000,CSR_CVS,223104,223104,7637688,65.668900,0.744060,8192,3.11,21.59,7.9870,23.5878,3.9468
/home/users/dgal/Data/graphs/tamu/matrices/radiation/radiation.mtx,16,223104,223104,7637688,1.017296,15.451127,88.257481,0.000000,0.000000,CSR_CVS,223104,223104,7637688,65.532354,0.742513,16384,3.15,21.84,8.0000,23.5737,3.9467
/home/users/dgal/Data/graphs/tamu/matrices/radiation/radiation.mtx,16,223104,223104,7637688,1.010607,15.205747,88.257481,0.000000,0.000000,CSR_CVS,223104,223104,7637688,65.532354,0.742513,32768,5.57,21.84,8.0000,23.5737,3.9467
/home/users/dgal/Data/graphs/tamu/matrices/radiation/radiation.mtx,16,223104,223104,7637688,0.996138,15.089241,88.257481,0.000000,0.000000,CSR_CVS,223104,223104,7637688,65.532354,0.742513,65536,3.28,21.84,8.0000,23.5737,3.9467
/home/users/dgal/Data/graphs/tamu/matrices/radiation/radiation.mtx,16,223104,223104,7637688,1.014013,15.214916,88.257481,0.000000,0.000000,CSR_CVS,223104,223104,7637688,65.532354,0.742513,131072,4.77,21.84,8.0000,23.5737,3.9467
/home/users/dgal/Data/graphs/tamu/matrices/radiation/radiation.mtx,16,223104,223104,7637688,1.013942,15.396779,88.257481,0.000000,0.000000,CSR_CVS,223104,223104,7637688,65.532354,0.742513,262144,3.65,21.84,8.0000,23.5737,3.9467
/home/users/dgal/Data/graphs/tamu/matrices/radiation/radiation.mtx,16,223104,223104,7637688,1.012532,15.569073,88.257481,0.000000,0.000000,CSR_CVS,223104,223104,7637688,65.532354,0.742513,524288,3.22,21.84,8.0000,23.5737,3.9467
/home/users/dgal/Data/graphs/tamu/matrices/radiation/radiation.mtx,16,223104,223104,7637688,1.021164,15.317800,88.257481,0.000000,0.000000,CSR_CVS,223104,223104,7637688,65.532354,0.742513,1048576,3.31,21.84,8.0000,23.5737,3.9467
/home/users/dgal/Data/graphs/tamu/matrices/radiation/radiation.mtx,16,223104,223104,7637688,1.015549,15.432577,88.257481,0.000000,0.000000,CSR_CVS,223104,223104,7637688,65.532354,0.742513,2097152,2.52,21.84,8.0000,23.5737,3.9467
/home/users/dgal/Data/graphs/tamu/matrices/radiation/radiation.mtx,16,223104,223104,7637688,1.018142,15.228238,88.257481,0.000000,0.000000,CSR_CVS,223104,223104,7637688,65.532354,0.742513,4194304,5.03,21.84,8.0000,23.5737,3.9467
/home/users/dgal/Data/graphs/tamu/matrices/radiation/radiation.mtx,16,223104,223104,7637688,1.016984,15.260595,88.257481,0.000000,0.000000,CSR_CVS,223104,223104,7637688,65.532354,0.742513,8388608,3.84,21.84,8.0000,23.5737,3.9467
/home/users/dgal/Data/graphs/tamu/matrices/radiation/radiation.mtx,16,223104,223104,7637688,1.016022,15.260018,88.257481,0.000000,0.000000,CSR_CVS,223104,223104,7637688,65.532354,0.742513,16777216,4.31,21.84,8.0000,23.5737,3.9467
/home/users/dgal/Data/graphs/tamu/matrices/PR02R/PR02R.mtx,16,161070,161070,8185136,1.018934,10.876734,94.285885,0.000000,0.000000,CSR_CVS,161070,161070,8185136,84.192307,0.892947,64,1.61,0.87,1.2307,14.9622,2.0241
/home/users/dgal/Data/graphs/tamu/matrices/PR02R/PR02R.mtx,16,161070,161070,8185136,1.024836,11.373166,94.285885,0.000000,0.000000,CSR_CVS,161070,161070,8185136,80.298270,0.851647,128,1.03,1.25,1.9832,14.2179,2.0251
/home/users/dgal/Data/graphs/tamu/matrices/PR02R/PR02R.mtx,16,161070,161070,8185136,1.035610,11.239046,94.285885,0.000000,0.000000,CSR_CVS,161070,161070,8185136,77.591189,0.822935,256,2.05,1.55,3.0152,13.2224,2.0297
/home/users/dgal/Data/graphs/tamu/matrices/PR02R/PR02R.mtx,16,161070,161070,8185136,1.036210,11.627491,94.285885,0.000000,0.000000,CSR_CVS,161070,161070,8185136,82.575288,0.875797,512,2.63,1.32,7.7619,16.0331,2.9744
/home/users/dgal/Data/graphs/tamu/matrices/PR02R/PR02R.mtx,16,161070,161070,8185136,1.011180,13.064742,94.285885,0.000000,0.000000,CSR_CVS,161070,161070,8185136,80.820610,0.857187,1024,0.86,1.70,7.8766,16.1234,3.0000
/home/users/dgal/Data/graphs/tamu/matrices/PR02R/PR02R.mtx,16,161070,161070,8185136,1.011400,14.097788,94.285885,0.000000,0.000000,CSR_CVS,161070,161070,8185136,79.352253,0.841613,2048,2.67,1.58,7.8827,16.1193,3.0002
/home/users/dgal/Data/graphs/tamu/matrices/PR02R/PR02R.mtx,16,161070,161070,8185136,0.823747,15.222663,94.285885,0.000000,0.000000,CSR_CVS,161070,161070,8185136,78.237930,0.829795,4096,6.06,1.64,7.9026,16.1094,3.0015
/home/users/dgal/Data/graphs/tamu/matrices/PR02R/PR02R.mtx,16,161070,161070,8185136,0.996599,15.851230,94.285885,0.000000,0.000000,CSR_CVS,161070,161070,8185136,78.562241,0.833234,8192,3.82,1.19,7.9744,17.1933,3.1460
/home/users/dgal/Data/graphs/tamu/matrices/PR02R/PR02R.mtx,16,161070,161070,8185136,0.998294,15.840700,94.285885,0.000000,0.000000,CSR_CVS,161070,161070,8185136,78.526532,0.832856,16384,3.54,1.00,7.9969,17.7767,3.2217
/home/users/dgal/Data/graphs/tamu/matrices/PR02R/PR02R.mtx,16,161070,161070,8185136,0.993706,15.815005,94.285885,0.000000,0.000000,CSR_CVS,161070,161070,8185136,78.519373,0.832780,32768,4.83,1.01,7.9969,17.7642,3.2201
/home/users/dgal/Data/graphs/tamu/matrices/PR02R/PR02R.mtx,16,161070,161070,8185136,1.002307,15.564963,94.285885,0.000000,0.000000,CSR_CVS,161070,161070,8185136,78.519373,0.832780,65536,4.54,1.01,7.9969,17.7642,3.2201
/home/users/dgal/Data/graphs/tamu/matrices/PR02R/PR02R.mtx,16,161070,161070,8185136,0.991836,15.729276,94.285885,0.000000,0.000000,CSR_CVS,161070,161070,8185136,78.519373,0.832780,131072,5.62,1.01,7.9969,17.7642,3.2201
/home/users/dgal/Data/graphs/tamu/matrices/PR02R/PR02R.mtx,16,161070,161070,8185136,0.999662,15.917279,94.285885,0.000000,0.000000,CSR_CVS,161070,161070,8185136,78.519373,0.832780,262144,2.51,1.01,7.9969,17.7642,3.2201
/home/users/dgal/Data/graphs/tamu/matrices/PR02R/PR02R.mtx,16,161070,161070,8185136,0.988788,15.827435,94.285885,0.000000,0.000000,CSR_CVS,161070,161070,8185136,78.519373,0.832780,524288,5.32,1.01,7.9969,17.7642,3.2201
/home/users/dgal/Data/graphs/tamu/matrices/PR02R/PR02R.mtx,16,161070,161070,8185136,0.984550,15.546404,94.285885,0.000000,0.000000,CSR_CVS,161070,161070,8185136,78.519373,0.832780,1048576,4.11,1.01,7.9969,17.7642,3.2201
/home/users/dgal/Data/graphs/tamu/matrices/PR02R/PR02R.mtx,16,161070,161070,8185136,0.995483,16.000549,94.285885,0.000000,0.000000,CSR_CVS,161070,161070,8185136,78.519373,0.832780,2097152,4.17,1.01,7.9969,17.7642,3.2201
/home/users/dgal/Data/graphs/tamu/matrices/PR02R/PR02R.mtx,16,161070,161070,8185136,0.993423,16.099645,94.285885,0.000000,0.000000,CSR_CVS,161070,161070,8185136,78.519373,0.832780,4194304,3.45,1.01,7.9969,17.7642,3.2201
/home/users/dgal/Data/graphs/tamu/matrices/PR02R/PR02R.mtx,16,161070,161070,8185136,0.996839,15.978788,94.285885,0.000000,0.000000,CSR_CVS,161070,161070,8185136,78.519373,0.832780,8388608,1.99,1.01,7.9969,17.7642,3.2201
/home/users/dgal/Data/graphs/tamu/matrices/PR02R/PR02R.mtx,16,161070,161070,8185136,1.001656,15.542393,94.285885,0.000000,0.000000,CSR_CVS,161070,161070,8185136,78.519373,0.832780,16777216,4.84,1.01,7.9969,17.7642,3.2201
/home/users/dgal/Data/graphs/tamu/matrices/crankseg_2/crankseg_2.mtx,16,63838,63838,14148858,1.005692,11.677085,162.164356,0.000000,0.000000,CSR_CVS,63838,63838,14148858,142.895209,0.881175,64,6.51,2.04,2.2410,15.0237,2.1581
/home/users/dgal/Data/graphs/tamu/matrices/crankseg_2/crankseg_2.mtx,16,63838,63838,14148858,1.015206,10.424830,162.164356,0.000000,0.000000,CSR_CVS,63838,63838,14148858,140.758990,0.868002,128,7.95,1.56,4.4144,15.9053,2.5400
/home/users/dgal/Data/graphs/tamu/matrices/crankseg_2/crankseg_2.mtx,16,63838,63838,14148858,1.007918,10.191377,162.164356,0.000000,0.000000,CSR_CVS,63838,63838,14148858,138.878707,0.856407,256,3.95,1.21,7.1043,15.9900,2.8868
/home/users/dgal/Data/graphs/tamu/matrices/crankseg_2/crankseg_2.mtx,16,63838,63838,14148858,1.015726,11.227414,162.164356,0.000000,0.000000,CSR_CVS,63838,63838,14148858,132.809305,0.818980,512,8.25,2.15,7.9737,15.9993,2.9966
/home/users/dgal/Data/graphs/tamu/matrices/crankseg_2/crankseg_2.mtx,16,63838,63838,14148858,1.012160,13.251971,162.164356,0.000000,0.000000,CSR_CVS,63838,63838,14148858,126.203475,0.778244,1024,4.30,2.47,7.9948,16.0000,2.9993
/home/users/dgal/Data/graphs/tamu/matrices/crankseg_2/crankseg_2.mtx,16,63838,63838,14148858,1.005789,14.264359,162.164356,0.000000,0.000000,CSR_CVS,63838,63838,14148858,121.890360,0.751647,2048,4.21,3.07,7.9977,16.0000,2.9997
/home/users/dgal/Data/graphs/tamu/matrices/crankseg_2/crankseg_2.mtx,16,63838,63838,14148858,1.006059,15.695034,162.164356,0.000000,0.000000,CSR_CVS,63838,63838,14148858,119.109394,0.734498,4096,6.21,3.42,8.0000,16.0000,3.0000
/home/users/dgal/Data/graphs/tamu/matrices/crankseg_2/crankseg_2.mtx,16,63838,63838,14148858,0.993408,16.834923,162.164356,0.000000,0.000000,CSR_CVS,63838,63838,14148858,116.782652,0.720150,8192,3.39,3.35,8.0000,16.0000,3.0000
/home/users/dgal/Data/graphs/tamu/matrices/crankseg_2/crankseg_2.mtx,16,63838,63838,14148858,0.993688,17.399738,162.164356,0.000000,0.000000,CSR_CVS,63838,63838,14148858,114.288786,0.704771,16384,4.25,3.31,8.0000,16.0000,3.0000
/home/users/dgal/Data/graphs/tamu/matrices/crankseg_2/crankseg_2.mtx,16,63838,63838,14148858,0.997217,18.161072,162.164356,0.000000,0.000000,CSR_CVS,63838,63838,14148858,111.405429,0.686991,32768,2.01,3.03,8.0000,16.0000,3.0000
/home/users/dgal/Data/graphs/tamu/matrices/crankseg_2/crankseg_2.mtx,16,63838,63838,14148858,0.994049,17.791948,162.164356,0.000000,0.000000,CSR_CVS,63838,63838,14148858,108.702028,0.670320,65536,6.98,2.78,8.0000,16.0000,3.0000
/home/users/dgal/Data/graphs/tamu/matrices/crankseg_2/crankseg_2.mtx,16,63838,63838,14148858,1.002832,18.285136,162.164356,0.000000,0.000000,CSR_CVS,63838,63838,14148858,108.307709,0.667889,131072,3.99,3.15,8.0000,16.0000,3.0000
/home/users/dgal/Data/graphs/tamu/matrices/crankseg_2/crankseg_2.mtx,16,63838,63838,14148858,1.004577,18.112535,162.164356,0.000000,0.000000,CSR_CVS,63838,63838,14148858,108.307709,0.667889,262144,5.14,3.15,8.0000,16.0000,3.0000
/home/users/dgal/Data/graphs/tamu/matrices/crankseg_2/crankseg_2.mtx,16,63838,63838,14148858,0.997210,18.274715,162.164356,0.000000,0.000000,CSR_CVS,63838,63838,14148858,108.307709,0.667889,524288,4.07,3.15,8.0000,16.0000,3.0000
/home/users/dgal/Data/graphs/tamu/matrices/crankseg_2/crankseg_2.mtx,16,63838,63838,14148858,1.006082,18.197938,162.164356,0.000000,0.000000,CSR_CVS,63838,63838,14148858,108.307709,0.667889,1048576,4.66,3.15,8.0000,16.0000,3.0000
/home/users/dgal/Data/graphs/tamu/matrices/crankseg_2/crankseg_2.mtx,16,63838,63838,14148858,0.991949,18.143413,162.164356,0.000000,0.000000,CSR_CVS,63838,63838,14148858,108.307709,0.667889,2097152,3.15,3.15,8.0000,16.0000,3.0000
/home/users/dgal/Data/graphs/tamu/matrices/crankseg_2/crankseg_2.mtx,16,63838,63838,14148858,1.006906,18.183055,162.164356,0.000000,0.000000,CSR_CVS,63838,63838,14148858,108.307709,0.667889,4194304,5.05,3.15,8.0000,16.0000,3.0000
/home/users/dgal/Data/graphs/tamu/matrices/crankseg_2/crankseg_2.mtx,16,63838,63838,14148858,0.979822,17.992533,162.164356,0.000000,0.000000,CSR_CVS,63838,63838,14148858,108.307709,0.667889,8388608,5.59,3.15,8.0000,16.0000,3.0000
/home/users/dgal/Data/graphs/tamu/matrices/crankseg_2/crankseg_2.mtx,16,63838,63838,14148858,0.992831,18.013286,162.164356,0.000000,0.000000,CSR_CVS,63838,63838,14148858,108.307709,0.667889,16777216,4.94,3.15,8.0000,16.0000,3.0000
/home/users/dgal/Data/graphs/tamu/matrices/human_gene1/human_gene1.mtx,16,22283,22283,24669643,1.005827,13.538758,282.406666,0.000000,0.000000,CSR_CVS,22283,22283,24669643,214.937045,0.761091,64,3.36,2.99,0.0896,13.1109,1.6501
/home/users/dgal/Data/graphs/tamu/matrices/human_gene1/human_gene1.mtx,16,22283,22283,24669643,1.014118,13.038851,282.406666,0.000000,0.000000,CSR_CVS,22283,22283,24669643,211.313246,0.748259,128,2.72,0.99,0.2021,15.4551,1.9572
/home/users/dgal/Data/graphs/tamu/matrices/human_gene1/human_gene1.mtx,16,22283,22283,24669643,1.023777,12.048344,282.406666,0.000000,0.000000,CSR_CVS,22283,22283,24669643,206.064297,0.729672,256,3.17,0.71,0.4520,15.8628,2.0394
/home/users/dgal/Data/graphs/tamu/matrices/human_gene1/human_gene1.mtx,16,22283,22283,24669643,1.019554,12.195034,282.406666,0.000000,0.000000,CSR_CVS,22283,22283,24669643,202.548357,0.717222,512,5.72,1.19,1.0094,15.7901,2.0999
/home/users/dgal/Data/graphs/tamu/matrices/human_gene1/human_gene1.mtx,16,22283,22283,24669643,1.022655,12.399286,282.406666,0.000000,0.000000,CSR_CVS,22283,22283,24669643,202.108001,0.715663,1024,3.98,2.25,2.1160,15.7269,2.2304
/home/users/dgal/Data/graphs/tamu/matrices/human_gene1/human_gene1.mtx,16,22283,22283,24669643,1.026537,12.784969,282.406666,0.000000,0.000000,CSR_CVS,22283,22283,24669643,204.524614,0.724220,2048,1.38,3.41,3.9715,15.7281,2.4625
/home/users/dgal/Data/graphs/tamu/matrices/human_gene1/human_gene1.mtx,16,22283,22283,24669643,1.031653,12.912872,282.406666,0.000000,0.000000,CSR_CVS,22283,22283,24669643,208.159913,0.737093,4096,7.40,2.59,6.1685,15.8096,2.7473
/home/users/dgal/Data/graphs/tamu/matrices/human_gene1/human_gene1.mtx,16,22283,22283,24669643,0.999103,14.568159,282.406666,0.000000,0.000000,CSR_CVS,22283,22283,24669643,210.587053,0.745687,8192,4.81,0.56,7.8126,15.9755,2.9735
/home/users/dgal/Data/graphs/tamu/matrices/human_gene1/human_gene1.mtx,16,22283,22283,24669643,1.001401,15.865028,282.406666,0.000000,0.000000,CSR_CVS,22283,22283,24669643,208.347834,0.737758,16384,1.73,0.29,7.9637,15.9993,2.9954
/home/users/dgal/Data/graphs/tamu/matrices/human_gene1/human_gene1.mtx,16,22283,22283,24669643,0.990167,15.945368,282.406666,0.000000,0.000000,CSR_CVS,22283,22283,24669643,205.222417,0.726691,32768,3.95,0.30,7.9281,15.9987,2.9908
/home/users/dgal/Data/graphs/tamu/matrices/human_gene1/human_gene1.mtx,16,22283,22283,24669643,0.995899,16.497637,282.406666,0.000000,0.000000,CSR_CVS,22283,22283,24669643,201.836055,0.714700,65536,1.81,0.36,8.0000,16.0000,3.0000
/home/users/dgal/Data/graphs/tamu/matrices/human_gene1/human_gene1.mtx,16,22283,22283,24669643,1.006589,16.665549,282.406666,0.000000,0.000000,CSR_CVS,22283,22283,24669643,198.596939,0.703230,131072,2.64,0.38,8.0000,16.0000,3.0000
/home/users/dgal/Data/graphs/tamu/matrices/human_gene1/human_gene1.mtx,16,22283,22283,24669643,1.009655,16.859273,282.406666,0.000000,0.000000,CSR_CVS,22283,22283,24669643,196.161389,0.694606,262144,2.43,0.58,8.0000,16.0000,3.0000
/home/users/dgal/Data/graphs/tamu/matrices/human_gene1/human_gene1.mtx,16,22283,22283,24669643,1.016377,17.087579,282.406666,0.000000,0.000000,CSR_CVS,22283,22283,24669643,195.029315,0.690597,524288,1.41,1.17,8.0000,16.0000,3.0000
/home/users/dgal/Data/graphs/tamu/matrices/human_gene1/human_gene1.mtx,16,22283,22283,24669643,1.006212,16.965993,282.406666,0.000000,0.000000,CSR_CVS,22283,22283,24669643,195.001871,0.690500,1048576,2.30,1.18,8.0000,16.0000,3.0000
/home/users/dgal/Data/graphs/tamu/matrices/human_gene1/human_gene1.mtx,16,22283,22283,24669643,1.018272,16.910430,282.406666,0.000000,0.000000,CSR_CVS,22283,22283,24669643,195.001871,0.690500,2097152,2.48,1.18,8.0000,16.0000,3.0000
/home/users/dgal/Data/graphs/tamu/matrices/human_gene1/human_gene1.mtx,16,22283,22283,24669643,1.019895,16.690000,282.406666,0.000000,0.000000,CSR_CVS,22283,22283,24669643,195.001871,0.690500,4194304,3.01,1.18,8.0000,16.0000,3.0000
/home/users/dgal/Data/graphs/tamu/matrices/human_gene1/human_gene1.mtx,16,22283,22283,24669643,1.019909,17.028417,282.406666,0.000000,0.000000,CSR_CVS,22283,22283,24669643,195.001871,0.690500,8388608,1.34,1.18,8.0000,16.0000,3.0000
/home/users/dgal/Data/graphs/tamu/matrices/human_gene1/human_gene1.mtx,16,22283,22283,24669643,1.008595,16.974835,282.406666,0.000000,0.000000,CSR_CVS,22283,22283,24669643,195.001871,0.690500,16777216,2.13,1.18,8.0000,16.0000,3.0000
